"id","wing","wing_title","artifact_title","location","description"
"egypt-001","egypt","جناح مصر القديمة","هرم خوفو الأكبر","هضبة الجيزة","أحد عجائب الدنيا السبع القديمة الوحيد الباقي. تعرض هذه القطعة في المتحف كنموذج حي على عبقرية الفنان والمهندس المصري القديم."
"egypt-002","egypt","جناح مصر القديمة","هرم خفرع","هضبة الجيزة","ثاني أهرامات الجيزة ارتفاعاً. تكشف هذه القطعة عن دقة الحرفي المصري القديم وحسّه الجمالي الرفيع."
"egypt-003","egypt","جناح مصر القديمة","هرم منقرع","هضبة الجيزة","أصغر أهرامات الجيزة الثلاثة الكبرى. تنقل هذه القطعة زائر المتحف إلى أجواء الحياة الدينية والملكية في مصر القديمة."
"egypt-004","egypt","جناح مصر القديمة","تمثال أبو الهول","هضبة الجيزة","تمثال ضخم بجسد أسد ورأس ملك. تروي هذه القطعة جانبًا من عبقرية الإنسان المصري في الهندسة والفنون."
"egypt-005","egypt","جناح مصر القديمة","هرم زوسر المدرج","سقارة","أقدم بناء حجري ضخم في التاريخ. تجسّد هذه القطعة مهارة الصانع المصري القديم وارتباطه الوثيق بالعقيدة الدينية."
"egypt-006","egypt","جناح مصر القديمة","الهرم المنحني","دهشور","يتميز بتغير زاوية ميله في منتصف ارتفاعه. تعكس هذه القطعة مدى تطور الحرف والفنون في عصر ازدهار الحضارة المصرية."
"egypt-007","egypt","جناح مصر القديمة","الهرم الأحمر","دهشور","أول هرم مصري كامل الاستواء الهندسي. تعرض هذه القطعة في المتحف كنموذج حي على عبقرية الفنان والمهندس المصري القديم."
"egypt-008","egypt","جناح مصر القديمة","معبد الكرنك","الأقصر","أكبر مجمع معابد ديني في العالم القديم. تكشف هذه القطعة عن دقة الحرفي المصري القديم وحسّه الجمالي الرفيع."
"egypt-009","egypt","جناح مصر القديمة","معبد الأقصر","الأقصر","مخصص لتجديد قوى الملكية خلال عيد الأوبت. تنقل هذه القطعة زائر المتحف إلى أجواء الحياة الدينية والملكية في مصر القديمة."
"egypt-010","egypt","جناح مصر القديمة","معبد أبو سمبل الكبير","أسوان","نُحت بالكامل داخل الجبل بأمر رمسيس الثاني. تروي هذه القطعة جانبًا من عبقرية الإنسان المصري في الهندسة والفنون."
"egypt-011","egypt","جناح مصر القديمة","معبد أبو سمبل الصغير","أسوان","أهداه رمسيس الثاني لزوجته الملكة نفرتاري. تجسّد هذه القطعة مهارة الصانع المصري القديم وارتباطه الوثيق بالعقيدة الدينية."
"egypt-012","egypt","جناح مصر القديمة","معبد فيلة","أسوان","معبد الإلهة إيزيس المهيب على جزيرة النيل. تعكس هذه القطعة مدى تطور الحرف والفنون في عصر ازدهار الحضارة المصرية."
"egypt-013","egypt","جناح مصر القديمة","معبد إدفو","إدفو","أفضل المعابد المصرية حفظاً، مخصص للإله حورس. تعرض هذه القطعة في المتحف كنموذج حي على عبقرية الفنان والمهندس المصري القديم."
"egypt-014","egypt","جناح مصر القديمة","معبد كوم أمبو","أسوان","معبد مزدوج للإلهين سوبك وحورس. تكشف هذه القطعة عن دقة الحرفي المصري القديم وحسّه الجمالي الرفيع."
"egypt-015","egypt","جناح مصر القديمة","معبد دندرة","قنا","مخصص للإلهة حتحور وسقفه الفلكي الشهير. تنقل هذه القطعة زائر المتحف إلى أجواء الحياة الدينية والملكية في مصر القديمة."
"egypt-016","egypt","جناح مصر القديمة","معبد أبيدوس","سوهاج","يضم قائمة أبيدوس الملكية النادرة. تروي هذه القطعة جانبًا من عبقرية الإنسان المصري في الهندسة والفنون."
"egypt-017","egypt","جناح مصر القديمة","معبد حتشبسوت بالدير البحري","الأقصر الغربية","معبد جنائزي مدرج فريد التصميم. تجسّد هذه القطعة مهارة الصانع المصري القديم وارتباطه الوثيق بالعقيدة الدينية."
"egypt-018","egypt","جناح مصر القديمة","الرامسيوم","الأقصر الغربية","المعبد الجنائزي لرمسيس الثاني. تعكس هذه القطعة مدى تطور الحرف والفنون في عصر ازدهار الحضارة المصرية."
"egypt-019","egypt","جناح مصر القديمة","معبد مدينة هابو","الأقصر الغربية","المعبد الجنائزي لرمسيس الثالث. تعرض هذه القطعة في المتحف كنموذج حي على عبقرية الفنان والمهندس المصري القديم."
"egypt-020","egypt","جناح مصر القديمة","وادي الملوك","الأقصر الغربية","مقبرة معظم فراعنة الدولة الحديثة. تكشف هذه القطعة عن دقة الحرفي المصري القديم وحسّه الجمالي الرفيع."
"egypt-021","egypt","جناح مصر القديمة","وادي الملكات","الأقصر الغربية","مدفن زوجات وأبناء الفراعنة. تنقل هذه القطعة زائر المتحف إلى أجواء الحياة الدينية والملكية في مصر القديمة."
"egypt-022","egypt","جناح مصر القديمة","تمثالا ممنون","الأقصر الغربية","تمثالان ضخمان لأمنحتب الثالث. تروي هذه القطعة جانبًا من عبقرية الإنسان المصري في الهندسة والفنون."
"egypt-023","egypt","جناح مصر القديمة","حجر رشيد","رشيد","مفتاح فك رموز الكتابة الهيروغليفية. تجسّد هذه القطعة مهارة الصانع المصري القديم وارتباطه الوثيق بالعقيدة الدينية."
"egypt-024","egypt","جناح مصر القديمة","مسلة الأقصر","ميدان الكونكورد بباريس","إحدى مسلتي معبد الأقصر. تعكس هذه القطعة مدى تطور الحرف والفنون في عصر ازدهار الحضارة المصرية."
"egypt-025","egypt","جناح مصر القديمة","جبانة سقارة","سقارة","أكبر جبانة أثرية على مستوى مصر. تعرض هذه القطعة في المتحف كنموذج حي على عبقرية الفنان والمهندس المصري القديم."
"egypt-026","egypt","جناح مصر القديمة","معبد الإله خنوم بإسنا","إسنا","معبد مصري متأخر بسقف نجمي مزخرف. تكشف هذه القطعة عن دقة الحرفي المصري القديم وحسّه الجمالي الرفيع."
"egypt-027","egypt","جناح مصر القديمة","معبد سيتي الأول بأبيدوس","أبيدوس","معبد جنائزي بسبعة مقاصير مقدسة. تنقل هذه القطعة زائر المتحف إلى أجواء الحياة الدينية والملكية في مصر القديمة."
"egypt-028","egypt","جناح مصر القديمة","مقابر بني حسن","المنيا","مقابر أمراء إقليميين من الدولة الوسطى. تروي هذه القطعة جانبًا من عبقرية الإنسان المصري في الهندسة والفنون."
"egypt-029","egypt","جناح مصر القديمة","هرم أوناس","سقارة","أول هرم تُنقش داخله نصوص الأهرام. تجسّد هذه القطعة مهارة الصانع المصري القديم وارتباطه الوثيق بالعقيدة الدينية."
"egypt-030","egypt","جناح مصر القديمة","مقبرة نفرتاري","وادي الملكات","من أجمل المقابر الملونة في مصر القديمة. تعكس هذه القطعة مدى تطور الحرف والفنون في عصر ازدهار الحضارة المصرية."
"egypt-031","egypt","جناح مصر القديمة","تمثال الإلهة إيزيس","برونز","ربة السحر والأمومة في الديانة المصرية. تعرض هذه القطعة في المتحف كنموذج حي على عبقرية الفنان والمهندس المصري القديم."
"egypt-032","egypt","جناح مصر القديمة","تمثال الإله أوزوريس","برونز/حجر","إله العالم الآخر والبعث. تكشف هذه القطعة عن دقة الحرفي المصري القديم وحسّه الجمالي الرفيع."
"egypt-033","egypt","جناح مصر القديمة","تمثال الإله حورس","برونز","الصقر الملكي رمز السماء والملكية. تنقل هذه القطعة زائر المتحف إلى أجواء الحياة الدينية والملكية في مصر القديمة."
"egypt-034","egypt","جناح مصر القديمة","تمثال الإله أنوبيس","خشب مطلي","حارس المقابر وإله التحنيط. تروي هذه القطعة جانبًا من عبقرية الإنسان المصري في الهندسة والفنون."
"egypt-035","egypt","جناح مصر القديمة","تمثال الإله تحوت","برونز","إله الحكمة والكتابة برأس أبو منجل. تجسّد هذه القطعة مهارة الصانع المصري القديم وارتباطه الوثيق بالعقيدة الدينية."
"egypt-036","egypt","جناح مصر القديمة","تمثال الإلهة باستت","برونز","إلهة الحماية بهيئة قطة. تعكس هذه القطعة مدى تطور الحرف والفنون في عصر ازدهار الحضارة المصرية."
"egypt-037","egypt","جناح مصر القديمة","تمثال الإلهة سخمت","حجر جرانيت","إلهة الحرب برأس لبؤة. تعرض هذه القطعة في المتحف كنموذج حي على عبقرية الفنان والمهندس المصري القديم."
"egypt-038","egypt","جناح مصر القديمة","تمثال الإلهة حتحور","حجر جيري","إلهة الحب والموسيقى والجمال. تكشف هذه القطعة عن دقة الحرفي المصري القديم وحسّه الجمالي الرفيع."
"egypt-039","egypt","جناح مصر القديمة","تمثال الإله آمون","ذهب وبرونز","كبير آلهة طيبة في الدولة الحديثة. تنقل هذه القطعة زائر المتحف إلى أجواء الحياة الدينية والملكية في مصر القديمة."
"egypt-040","egypt","جناح مصر القديمة","تمثال الإله بتاح","حجر","إله الحرفيين وراعي منف. تروي هذه القطعة جانبًا من عبقرية الإنسان المصري في الهندسة والفنون."
"egypt-041","egypt","جناح مصر القديمة","تمثال الإله سوبك","حجر","إله التماسيح المرتبط بالنيل. تجسّد هذه القطعة مهارة الصانع المصري القديم وارتباطه الوثيق بالعقيدة الدينية."
"egypt-042","egypt","جناح مصر القديمة","تمثال رع حور آختي","ذهب","اندماج إله الشمس رع مع حورس. تعكس هذه القطعة مدى تطور الحرف والفنون في عصر ازدهار الحضارة المصرية."
"egypt-043","egypt","جناح مصر القديمة","تمثال الإلهة نوت","حجر","إلهة السماء التي تحتضن الكون. تعرض هذه القطعة في المتحف كنموذج حي على عبقرية الفنان والمهندس المصري القديم."
"egypt-044","egypt","جناح مصر القديمة","تمثال الإله جب","إله الأرض في الميثولوجيا المصرية","يُعد جب أحد أهم آلهة تاسوع هليوبوليس، حيث جسّد الأرض والخصوبة. لم تُنحت له تماثيل مستقلة كثيرة، بل خُلّد ذكره غالبًا عبر الرسوم الجدارية والبرديات الجنائزية."
"egypt-045","egypt","جناح مصر القديمة","تمثال الإله خنوم","حجر","إله الخلق الذي شكّل البشر على عجلة الفخار. تكشف هذه القطعة عن دقة الحرفي المصري القديم وحسّه الجمالي الرفيع."
"egypt-046","egypt","جناح مصر القديمة","تمثال الإلهة موت","حجر","الأم الإلهية وزوجة آمون. تنقل هذه القطعة زائر المتحف إلى أجواء الحياة الدينية والملكية في مصر القديمة."
"egypt-047","egypt","جناح مصر القديمة","تمثال الإله خونسو","حجر","إله القمر ابن آمون وموت. تروي هذه القطعة جانبًا من عبقرية الإنسان المصري في الهندسة والفنون."
"egypt-048","egypt","جناح مصر القديمة","تمثال الإله مين","حجر","إله الخصوبة والحصاد. تجسّد هذه القطعة مهارة الصانع المصري القديم وارتباطه الوثيق بالعقيدة الدينية."
"egypt-049","egypt","جناح مصر القديمة","تمثال الإلهة تاورت","فيانس","إلهة حماية الحوامل بهيئة فرس النهر. تعكس هذه القطعة مدى تطور الحرف والفنون في عصر ازدهار الحضارة المصرية."
"egypt-050","egypt","جناح مصر القديمة","تمثال الإله بس","فيانس","إله حماية المنزل والأطفال. تعرض هذه القطعة في المتحف كنموذج حي على عبقرية الفنان والمهندس المصري القديم."
"egypt-051","egypt","جناح مصر القديمة","قناع جنائزي ذهبي","ذهب وأحجار كريمة","يوضع على وجه المومياء لحمايتها. تكشف هذه القطعة عن دقة الحرفي المصري القديم وحسّه الجمالي الرفيع."
"egypt-052","egypt","جناح مصر القديمة","تابوت حجري منقوش","حجر جيري","صندوق دفن ملكي بنقوش دينية. تنقل هذه القطعة زائر المتحف إلى أجواء الحياة الدينية والملكية في مصر القديمة."
"egypt-053","egypt","جناح مصر القديمة","إناء كانوبي","حجر ألباستر","لحفظ أحشاء المتوفى أثناء التحنيط. تروي هذه القطعة جانبًا من عبقرية الإنسان المصري في الهندسة والفنون."
"egypt-054","egypt","جناح مصر القديمة","تمثال أوشابتي","فيانس أزرق","تمثال جنائزي صغير يخدم المتوفى بالآخرة. تجسّد هذه القطعة مهارة الصانع المصري القديم وارتباطه الوثيق بالعقيدة الدينية."
"egypt-055","egypt","جناح مصر القديمة","تعويذة الجعران المقدس","فيانس","رمز التجدد والبعث يوضع على المومياء. تعكس هذه القطعة مدى تطور الحرف والفنون في عصر ازدهار الحضارة المصرية."
"egypt-056","egypt","جناح مصر القديمة","عقد صدري ملكي","صدرية الأميرة سات حتحور يونيت تعد واحدة من أروع روائع الفن المصري القديم في عصر الدولة الوسطى وقد عثر عليها الأثري فلندرز بتري عام ألف وتسعمائة وأربعة عشر داخل صندوق خشبي مخفي في مقبرتها بمنطقة اللاهون وتتميز القطعة بدقة صنعها من الذهب الخالص وتطعيمها بمئات القطع الصغيرة من الأحجار شبه الكريمة كاللازورد والفيروز والعقيق الأحمر لتشكل لوحة هيروغليفية متكاملة تدعو للملك سنوسرت الثاني بطول العمر والخلود وتحمي اسمه بين صقور حورس وإله الأبدية حح وهي تعرض حاليا في متحف المتروبوليتان للفنون بنيويورك كشاهد على عبقرية الصائغ المصري القديم",
"egypt-057","egypt","جناح مصر القديمة","لفافة من كتاب الموتى","تظهر البردية الطقس الجنائزي الأهم حيث يقوم الإله أنوبيس ذو رأس ابن آوى بوزن قلب المتوفى آني في كفة الميزان مقابل ريشة ماعت التي ترمز للعدالة والحق. ويقف الإله تحوت ذو رأس طائر الإبيس على اليمين ليسجل النتيجة ببراعة بينما ينتظر الكائن الخرافي عميمت وهو هجين من التمساح والأسد وفرس النهر لالتهام قلب من يفشل في الاختبار. وفي الأعلى يجلس قضاة العالم الآخر كشهود على المحاكمة بينما يقف المتوفى وزوجته في الجانب الأيسر في تضرع بانتظار نيل الخلود ودخول حقول الإيارو النعيم.",
"egypt-058","egypt","جناح مصر القديمة","لوحة جنائزية منقوشة","حجر جيري","هذه القطعة المعروضة هي لوحة جنائزية ملونة من الحجر الجيري تسمى لوحة كي جيا وترجع إلى عصر الدولة الحديثة وتحديداً الأسرة الثامنة عشرة وتتميز باحتفاظها بألوانها الأصلية الرائعة الزاهية ويعلو اللوحة رمز قرص الشمس المجنح وتحته عيني حورس الأوجات اللتين توفران الحماية وبينهما شعلة أو إناء تضحية ويجلس على اليسار شخص يدعى كي جيا رفقة زوجته على مقعد ذي أرجل أسد ويقوم رجل يقف أمامهما بتقديم القرابين والبخور والزهور لهما تكريماً لهما بينما تقف خلفه سيدة وطفل صغير يشاركان في الطقوس العائلية ويحتوي الجزء السفلي على عدة أسطر من الكتابة الهيروغليفية النقشية التي تحمل صيغة تقديم القرابين التقليدية والصلوات لآلهة العالم الآخر لضمان توفير الطعام والشراب للمتوفى في الحياة الأبدية وهي معروضة ومحفوظة حالياً ضمن مجموعات المتحف المصري بالتحرير بالقاهرة."
"egypt-059","egypt","جناح مصر القديمة","إناء فخاري من الفيوم","فخار","هذه الجرة الفخارية النادرة تعد واحدة من أجمل روائع الخزف الملون في عصر الدولة الحديثة وتحديداً من أواخر الأسرة الثامنة عشرة حيث تعكس تأثر الفن المصري بالحياة العسكرية الجديدة بعد إدخال الخيول والعربات الحربية وتبرز القطعة رسماً متقناً لحصان يركض برشاقة بحجم محدد باللونين الأسود والأحمر مع بقع داكنة مميزة وبجانبه ذراعان تخرجان من علامة العنخ التي ترمز للحياة وهي تمسك بصولجان الواس الذي يعبر عن القوة والسيادة في دلالة سحرية واضحة لجلب البركة والنصر للملك ومملكته ويزين عنق الإناء زخارف هندسية دقيقة من خطوط ومثلثات متكررة تعكس براعة الصانع في تناسق الألوان وهي محفوظة ومعروضة حالياً خلف واجهات العرض في متحف برلين الجديد بألمانيا لتظل شاهداً حياً على تطور الرسم والفخار الفرعوني."
"egypt-060","egypt","جناح مصر القديمة","صندوق مجوهرات ملكي","خشب مطعم بالعاج","هذا الصندوق يمثل صندوقاً معدنياً تذكارياً حديث الصنع تم تصميمه كمحاكاة تجارية مقلدة ومستوحاة بالكامل من الصندوق الخشبي الشهير للملك توت عنخ آمون المحفوظ في المتحف ويتميز هذا المنتج المعاصر بلونه الذهبي البرونزي وتطعيمه بفصوص زرقاء صغيرة تحاكي الأحجار الكريمة مع نقوش بارزة على واجهته الأمامية تظهر الملك الشاب جالساً يطلق السهام بقوسه للصيد في أحراش البردي بينما تجلس زوجته الملكة عنخ إس إن آمون أمامه وتظهر على جانبه الأيسر عين حورس المجنحة لرمزية الحماية والشفاء والغطاء العلوي يأخذ شكلاً مقوساً عليه لقطات ملكية تقليدية مما يجعله تحفة ديكور مميزة وعلبة لحفظ الحلي والمجوهرات لعشاق الحضارة المصرية القديمة."
"egypt-061","egypt","جناح مصر القديمة","مرآة برونزية قديمة","برونز مصقول","هذه المرآة الأثرية النادرة مصنوعة من البرونز وترجع إلى عصر الدولة الحديثة في مصر القديمة وتتميز بتصميمها الفريد الذي يعكس الفن والعقيدة الفرعونية حيث يتخذ قرص المرآة العاكس شكلاً بيضاوياً مسطحاً مصقولاً بعناية ليعكس الضوء ويرمز لقرص الشمس المشرق بينما صُنع المقبض ببراعة على شكل رأس الإلهة حتحور إلهة الحب والجمال والموسيقى والبهجة وتظهر ملامح وجهها بوضوح مع آذان البقرة المميزة وشعرها المستعار الكثيف الذي ينتهي بشكل حلزوني يعلوه جزء هلالي عريض يربط بين المقبض والقرص العاكس لحمايته وتثبيته وكانت هذه المرايا تستخدم للزينة اليومية ومستحضرات التجميل من قبل السيدات والنبلاء كما كانت تحمل دلالات دينية وسحرية لبعث الحياة وتجدد الشباب وهي محفوظة حالياً خلف واجهات العرض في متحف المتروبوليتان للفنون بنيويورك لتظل شاهداً حياً على رفاهية المرأة المصرية القديمة."
"egypt-062","egypt","جناح مصر القديمة","لعبة السنت الملكية","خشب وعاج","أشهر لعبة لوحية في مصر القديمة. تعرض هذه القطعة في المتحف كنموذج حي على عبقرية الفنان والمهندس المصري القديم."
"egypt-063","egypt","جناح مصر القديمة","آلة السيستروم الموسيقية","برونز","أداة إيقاعية تستخدم في الطقوس الدينية. تكشف هذه القطعة عن دقة الحرفي المصري القديم وحسّه الجمالي الرفيع."
"egypt-064","egypt","جناح مصر القديمة","وعاء الكحل","ألباستر","لحفظ مسحوق الكحل المستخدم للعينين. تنقل هذه القطعة زائر المتحف إلى أجواء الحياة الدينية والملكية في مصر القديمة."
"egypt-065","egypt","جناح مصر القديمة","تمثال الكاتب القرفصاء","حجر جيري ملون","يجسد كاتباً يمسك لفافة بردي. تروي هذه القطعة جانبًا من عبقرية الإنسان المصري في الهندسة والفنون."
"egypt-066","egypt","جناح مصر القديمة","تمثال رحوتب ونفرت","حجر جيري ملون","تمثال ثنائي محفوظ الألوان بدقة مذهلة. تجسّد هذه القطعة مهارة الصانع المصري القديم وارتباطه الوثيق بالعقيدة الدينية."
"egypt-067","egypt","جناح مصر القديمة","عربة حربية ملكية","خشب مطلي بالذهب","من مقتنيات مقبرة توت عنخ آمون. تعكس هذه القطعة مدى تطور الحرف والفنون في عصر ازدهار الحضارة المصرية."
"egypt-068","egypt","جناح مصر القديمة","نموذج مركب جنائزي","خشب","يرمز لرحلة المتوفى في العالم الآخر. تعرض هذه القطعة في المتحف كنموذج حي على عبقرية الفنان والمهندس المصري القديم."
"egypt-069","egypt","جناح مصر القديمة","تعويذة عين وجات","فيانس أزرق","رمز الحماية والشفاء المرتبط بحورس. تكشف هذه القطعة عن دقة الحرفي المصري القديم وحسّه الجمالي الرفيع."
"egypt-070","egypt","جناح مصر القديمة","خاتم ملكي بخاتم آمون","ذهب","يحمل خرطوش اسم الملك. تنقل هذه القطعة زائر المتحف إلى أجواء الحياة الدينية والملكية في مصر القديمة."
"egypt-071","egypt","جناح مصر القديمة","وعاء تخزين الحبوب","فخار كبير","استخدم لتخزين القمح في المخازن الملكية. تروي هذه القطعة جانبًا من عبقرية الإنسان المصري في الهندسة والفنون."
"egypt-072","egypt","جناح مصر القديمة","منحوتة جدارية من مقبرة ملكية","حجر جيري مرسوم","تصور مشاهد الحياة اليومية والدينية. تجسّد هذه القطعة مهارة الصانع المصري القديم وارتباطه الوثيق بالعقيدة الدينية."
"egypt-073","egypt","جناح مصر القديمة","تمثال نفرتيتي النصفي","حجر جيري وجص","أيقونة عالمية للجمال الفرعوني. تعكس هذه القطعة مدى تطور الحرف والفنون في عصر ازدهار الحضارة المصرية."
"egypt-074","egypt","جناح مصر القديمة","قلادة الصقور الذهبية","ذهب","حلية جنائزية بشكل أجنحة الحماية. تعرض هذه القطعة في المتحف كنموذج حي على عبقرية الفنان والمهندس المصري القديم."
"egypt-075","egypt","جناح مصر القديمة","أدوات التحنيط الكهنوتية","حجر وخشب","استخدمت في تحضير الجثث للتحنيط. تكشف هذه القطعة عن دقة الحرفي المصري القديم وحسّه الجمالي الرفيع."
"egypt-076","egypt","جناح مصر القديمة","مبخرة طقسية مصرية","برونز","استخدمت في الشعائر الدينية بالمعابد. تنقل هذه القطعة زائر المتحف إلى أجواء الحياة الدينية والملكية في مصر القديمة."
"egypt-077","egypt","جناح مصر القديمة","نموذج بيت روح مصغر","فخار","يمثل منزل المتوفى في العالم الآخر. تروي هذه القطعة جانبًا من عبقرية الإنسان المصري في الهندسة والفنون."
"egypt-078","egypt","جناح مصر القديمة","تميمة قلب الجعران","حجر أخضر","توضع مكان القلب أثناء التحنيط. تجسّد هذه القطعة مهارة الصانع المصري القديم وارتباطه الوثيق بالعقيدة الدينية."
"egypt-079","egypt","جناح مصر القديمة","مزهرية ألباستر ملكية","ألباستر","إناء فاخر من مقتنيات القصور الملكية. تعكس هذه القطعة مدى تطور الحرف والفنون في عصر ازدهار الحضارة المصرية."
"egypt-080","egypt","جناح مصر القديمة","لوحة الحدود الملكية بتل العمارنة","حجر جيري","تحدد حدود مدينة أخيتاتون الجديدة. تعرض هذه القطعة في المتحف كنموذج حي على عبقرية الفنان والمهندس المصري القديم."
"egypt-081","egypt","جناح مصر القديمة","بردية طبية مصرية","بردي","توثق وصفات علاجية من الطب المصري القديم. تكشف هذه القطعة عن دقة الحرفي المصري القديم وحسّه الجمالي الرفيع."
"egypt-082","egypt","جناح مصر القديمة","مقياس النيل بالروضة","جزيرة الروضة","أداة قديمة لقياس منسوب فيضان النيل سنويًا، واستُخدمت لتقدير الضرائب الزراعية بناءً على مستوى الفيضان."
"egypt-083","egypt","جناح مصر القديمة","عرش توت عنخ آمون الذهبي","وادي الملوك","عرش خشبي مطعّم بالذهب والأحجار الكريمة، يصوّر مشهدًا أسريًا حميمًا للملك الشاب وزوجته."
"egypt-084","egypt","جناح مصر القديمة","لوحة الإله تحوت الكاتب","من مقتنيات المعابد","تصوّر تحوت إله الحكمة والكتابة وهو يدوّن أعمال البشر، وارتبط اسمه باختراع الكتابة الهيروغليفية."
"egypt-085","egypt","جناح مصر القديمة","مقتنيات مقبرة كا-حف","الجيزة","أدوات وتماثيل جنائزية عُثر عليها في مقبرة أحد كبار موظفي الدولة القديمة."
"egypt-086","egypt","جناح مصر القديمة","جرن حجري من معبد الكرنك","الكرنك","وعاء حجري ضخم استُخدم في الطقوس الدينية اليومية داخل معبد آمون رع."
"egypt-087","egypt","جناح مصر القديمة","تمثال أبو الهول الصغير","منف","نسخة مصغّرة من تمثال أبو الهول الكبير، عُثر عليها بين أطلال عاصمة الدولة القديمة منف."
"egypt-088","egypt","جناح مصر القديمة","عمود على هيئة زهرة اللوتس","معبد الأقصر","عمود حجري منحوت على هيئة زهرة اللوتس المتفتحة، رمز الشمس وولادة الحياة عند المصريين القدماء."
"egypt-089","egypt","جناح مصر القديمة","تمثال الملك زوسر الجالس","سقارة","من أقدم التماثيل الملكية المصرية بالحجم الطبيعي تقريبًا، ويمثل صاحب أول هرم مدرج في التاريخ."
"egypt-090","egypt","جناح مصر القديمة","لوحة نعرمر الاحتفالية","هيراكونبوليس","لوحة صلاية حجرية تصور الملك نعرمر وهو يوحّد مصر العليا والسفلى برموز فنية مبكرة."
"egypt-091","egypt","جناح مصر القديمة","طبق قرابين من الحجر الجيري","من مقتنيات المعابد","طبق حجري كان يوضع عليه القرابين الغذائية للآلهة أو للمتوفى في الطقوس الجنائزية."
"egypt-092","egypt","جناح مصر القديمة","تمثال القزم سنب وأسرته","الجيزة","تمثال عائلي مؤثر لأحد كبار موظفي البلاط كان قزمًا، يظهر مع زوجته وابنيه في تكوين فني رقيق."
"egypt-093","egypt","جناح مصر القديمة","بردية تورين الطبوغرافية","من مقتنيات المتحف المصري","أقدم خريطة جيولوجية معروفة في التاريخ، ترسم طريق مناجم الذهب في الصحراء الشرقية."
"egypt-094","egypt","جناح مصر القديمة","تمثال الإلهة تفنوت","برونز","إلهة الرطوبة والمطر في الميثولوجيا المصرية، وشقيقة وزوجة الإله شو رمز الهواء."
"egypt-095","egypt","جناح مصر القديمة","قلادة صدرية من الفيروز واللازورد","من مقتنيات المقابر الملكية","حلية جنائزية فاخرة صيغت من أحجار كريمة مستوردة، تعكس ثراء التجارة المصرية القديمة."
"egypt-096","egypt","جناح مصر القديمة","أدوات الكاتب: القلم والمحبرة","من أدوات المعابد والدواوين","مجموعة أدوات كتابة استخدمها الكتبة المصريون لتدوين النصوص الإدارية والدينية على البردي."
"egypt-097","egypt","جناح مصر القديمة","نموذج مصغر لمقبرة نبيل من طيبة","طيبة","نموذج خشبي مصغر يعيد تصور تصميم مقبرة أحد نبلاء الدولة الحديثة بتفاصيلها المعمارية."
"egypt-098","egypt","جناح مصر القديمة","تمثال الإله حابي رمز فيضان النيل","من مقتنيات المعابد","يجسّد حابي فيضان النيل السنوي الذي كان مصدر خصوبة الأرض المصرية وازدهار الزراعة."
"egypt-099","egypt","جناح مصر القديمة","صينية تقديم من الفخار المزجج","من الأسرة الثامنة عشرة","إناء تقديم فاخر يعكس تطور صناعة الخزف المزجج في عصر الدولة الحديثة."
"egypt-100","egypt","جناح مصر القديمة","تعويذة إيزيس الحامية","ذهب وأحجار كريمة","تميمة صغيرة كانت تُوضع على المومياء لحماية المتوفى في رحلته إلى العالم الآخر."
"leaders-001","leaders","جناح ملوك وملكات مصر القديمة","نارمر","نحو 3100 ق.م","الملك الذي يُنسب إليه توحيد مصر العليا والسفلى. يُستدل على تفاصيل حكمه من النقوش الملكية وقوائم الملوك التاريخية."
"leaders-002","leaders","جناح ملوك وملكات مصر القديمة","حور عحا","الأسرة الأولى","من أوائل ملوك مصر الموحدة. وثّقت الآثار والنقوش الجدارية أبرز محطات عهده وإنجازاته."
"leaders-003","leaders","جناح ملوك وملكات مصر القديمة","دن","الأسرة الأولى","أول من استخدم لقب ملك مصر العليا والسفلى بشكل كامل. تروي المعابد والمقابر التي شُيدت في عصره الكثير عن سياسته وإنجازاته."
"leaders-004","leaders","جناح ملوك وملكات مصر القديمة","خع سخموي","الأسرة الثانية","آخر ملوك الأسرة الثانية، مهّد لعصر الأهرام. اعتمد المؤرخون في تتبع سيرته على البرديات والنقوش المعاصرة لعصره."
"leaders-005","leaders","جناح ملوك وملكات مصر القديمة","زوسر","الأسرة الثالثة","صاحب أول هرم مدرج حجري في التاريخ. خلّدت التماثيل والنصوص الملكية اسمه ضمن سجل ملوك مصر القديمة."
"leaders-006","leaders","جناح ملوك وملكات مصر القديمة","سنفرو","الأسرة الرابعة","بنى الهرم المنحني والهرم الأحمر بدهشور. يُستدل على تفاصيل حكمه من النقوش الملكية وقوائم الملوك التاريخية."
"leaders-007","leaders","جناح ملوك وملكات مصر القديمة","خوفو","الأسرة الرابعة","صاحب الهرم الأكبر بالجيزة. وثّقت الآثار والنقوش الجدارية أبرز محطات عهده وإنجازاته."
"leaders-008","leaders","جناح ملوك وملكات مصر القديمة","خفرع","الأسرة الرابعة","بنى الهرم الثاني وتمثال أبو الهول. تروي المعابد والمقابر التي شُيدت في عصره الكثير عن سياسته وإنجازاته."
"leaders-009","leaders","جناح ملوك وملكات مصر القديمة","جدفرع","الأسرة الرابعة","بنى هرمه بأبو رواش. اعتمد المؤرخون في تتبع سيرته على البرديات والنقوش المعاصرة لعصره."
"leaders-010","leaders","جناح ملوك وملكات مصر القديمة","منقرع","الأسرة الرابعة","صاحب أصغر أهرامات الجيزة الثلاثة. خلّدت التماثيل والنصوص الملكية اسمه ضمن سجل ملوك مصر القديمة."
"leaders-011","leaders","جناح ملوك وملكات مصر القديمة","ساحورع","الأسرة الخامسة","اشتهر بمعبده الجنائزي المزخرف بأبو صير. يُستدل على تفاصيل حكمه من النقوش الملكية وقوائم الملوك التاريخية."
"leaders-012","leaders","جناح ملوك وملكات مصر القديمة","ونيس","الأسرة الخامسة","أول من نُقشت في هرمه نصوص الأهرام الدينية. وثّقت الآثار والنقوش الجدارية أبرز محطات عهده وإنجازاته."
"leaders-013","leaders","جناح ملوك وملكات مصر القديمة","تيتي","الأسرة السادسة","مؤسس الأسرة السادسة. تروي المعابد والمقابر التي شُيدت في عصره الكثير عن سياسته وإنجازاته."
"leaders-014","leaders","جناح ملوك وملكات مصر القديمة","بيبي الأول","الأسرة السادسة","من أطول ملوك الدولة القديمة حكماً. اعتمد المؤرخون في تتبع سيرته على البرديات والنقوش المعاصرة لعصره."
"leaders-015","leaders","جناح ملوك وملكات مصر القديمة","مرنرع الأول","الأسرة السادسة","وسّع العلاقات التجارية مع النوبة. خلّدت التماثيل والنصوص الملكية اسمه ضمن سجل ملوك مصر القديمة."
"leaders-016","leaders","جناح ملوك وملكات مصر القديمة","بيبي الثاني","الأسرة السادسة","حكم لأطول فترة في تاريخ مصر القديمة. يُستدل على تفاصيل حكمه من النقوش الملكية وقوائم الملوك التاريخية."
"leaders-017","leaders","جناح ملوك وملكات مصر القديمة","منتوحتب الثاني","الأسرة الحادية عشرة","أعاد توحيد مصر بعد عصر الاضمحلال الأول. وثّقت الآثار والنقوش الجدارية أبرز محطات عهده وإنجازاته."
"leaders-018","leaders","جناح ملوك وملكات مصر القديمة","أمنمحات الأول","الأسرة الثانية عشرة","مؤسس الدولة الوسطى القوية. تروي المعابد والمقابر التي شُيدت في عصره الكثير عن سياسته وإنجازاته."
"leaders-019","leaders","جناح ملوك وملكات مصر القديمة","سنوسرت الأول","الأسرة الثانية عشرة","وسّع نفوذ مصر جنوباً نحو النوبة. اعتمد المؤرخون في تتبع سيرته على البرديات والنقوش المعاصرة لعصره."
"leaders-020","leaders","جناح ملوك وملكات مصر القديمة","أمنمحات الثاني","الأسرة الثانية عشرة","عزز العلاقات التجارية الخارجية لمصر. خلّدت التماثيل والنصوص الملكية اسمه ضمن سجل ملوك مصر القديمة."
"leaders-021","leaders","جناح ملوك وملكات مصر القديمة","سنوسرت الثاني","الأسرة الثانية عشرة","اهتم بمشروعات الري في الفيوم. يُستدل على تفاصيل حكمه من النقوش الملكية وقوائم الملوك التاريخية."
"leaders-022","leaders","جناح ملوك وملكات مصر القديمة","سنوسرت الثالث","الأسرة الثانية عشرة","قائد عسكري بنى حصوناً على الحدود الجنوبية. وثّقت الآثار والنقوش الجدارية أبرز محطات عهده وإنجازاته."
"leaders-023","leaders","جناح ملوك وملكات مصر القديمة","أمنمحات الثالث","الأسرة الثانية عشرة","اشتهر عصره بالازدهار الاقتصادي والفني. تروي المعابد والمقابر التي شُيدت في عصره الكثير عن سياسته وإنجازاته."
"leaders-024","leaders","جناح ملوك وملكات مصر القديمة","سوبك نفرو","الأسرة الثانية عشرة","أول ملكة مصرية موثقة تحمل لقب ملك كامل. اعتمد المؤرخون في تتبع سيرته على البرديات والنقوش المعاصرة لعصره."
"leaders-025","leaders","جناح ملوك وملكات مصر القديمة","كاموس","الأسرة السابعة عشرة","بدأ حملة تحرير مصر من الهكسوس. خلّدت التماثيل والنصوص الملكية اسمه ضمن سجل ملوك مصر القديمة."
"leaders-026","leaders","جناح ملوك وملكات مصر القديمة","أحمس الأول","الأسرة الثامنة عشرة","طرد الهكسوس وأسس الدولة الحديثة. يُستدل على تفاصيل حكمه من النقوش الملكية وقوائم الملوك التاريخية."
"leaders-027","leaders","جناح ملوك وملكات مصر القديمة","أمنحتب الأول","الأسرة الثامنة عشرة","واصل توطيد حكم الدولة الحديثة. وثّقت الآثار والنقوش الجدارية أبرز محطات عهده وإنجازاته."
"leaders-028","leaders","جناح ملوك وملكات مصر القديمة","تحتمس الأول","الأسرة الثامنة عشرة","وسّع حدود مصر حتى نهر الفرات. تروي المعابد والمقابر التي شُيدت في عصره الكثير عن سياسته وإنجازاته."
"leaders-029","leaders","جناح ملوك وملكات مصر القديمة","تحتمس الثاني","الأسرة الثامنة عشرة","زوج الملكة حتشبسوت. اعتمد المؤرخون في تتبع سيرته على البرديات والنقوش المعاصرة لعصره."
"leaders-030","leaders","جناح ملوك وملكات مصر القديمة","حتشبسوت","الأسرة الثامنة عشرة","المرأة التي حكمت مصر بلقب فرعون. خلّدت التماثيل والنصوص الملكية اسمه ضمن سجل ملوك مصر القديمة."
"leaders-031","leaders","جناح ملوك وملكات مصر القديمة","تحتمس الثالث","الأسرة الثامنة عشرة","القائد العسكري الملقب بنابليون مصر القديمة. يُستدل على تفاصيل حكمه من النقوش الملكية وقوائم الملوك التاريخية."
"leaders-032","leaders","جناح ملوك وملكات مصر القديمة","أمنحتب الثاني","الأسرة الثامنة عشرة","اشتهر بقوته البدنية ومهاراته الرياضية. وثّقت الآثار والنقوش الجدارية أبرز محطات عهده وإنجازاته."
"leaders-033","leaders","جناح ملوك وملكات مصر القديمة","تحتمس الرابع","الأسرة الثامنة عشرة","ارتبط اسمه بأسطورة لوحة الحلم بجانب أبو الهول. تروي المعابد والمقابر التي شُيدت في عصره الكثير عن سياسته وإنجازاته."
"leaders-034","leaders","جناح ملوك وملكات مصر القديمة","أمنحتب الثالث","الأسرة الثامنة عشرة","حكم في عصر ازدهار وسلام كبير. اعتمد المؤرخون في تتبع سيرته على البرديات والنقوش المعاصرة لعصره."
"leaders-035","leaders","جناح ملوك وملكات مصر القديمة","إخناتون","الأسرة الثامنة عشرة","دعا لعبادة إله الشمس آتون وحده. خلّدت التماثيل والنصوص الملكية اسمه ضمن سجل ملوك مصر القديمة."
"leaders-036","leaders","جناح ملوك وملكات مصر القديمة","نفرتيتي","الأسرة الثامنة عشرة","الملكة صاحبة أشهر رأس منحوت في التاريخ. يُستدل على تفاصيل حكمه من النقوش الملكية وقوائم الملوك التاريخية."
"leaders-037","leaders","جناح ملوك وملكات مصر القديمة","سمنخ كارع","الأسرة الثامنة عشرة","حكم لفترة قصيرة غامضة بعد إخناتون. وثّقت الآثار والنقوش الجدارية أبرز محطات عهده وإنجازاته."
"leaders-038","leaders","جناح ملوك وملكات مصر القديمة","توت عنخ آمون","الأسرة الثامنة عشرة","الفرعون الشاب صاحب المقبرة الذهبية الكاملة. تروي المعابد والمقابر التي شُيدت في عصره الكثير عن سياسته وإنجازاته."
"leaders-039","leaders","جناح ملوك وملكات مصر القديمة","آي","الأسرة الثامنة عشرة","خلف توت عنخ آمون على العرش. اعتمد المؤرخون في تتبع سيرته على البرديات والنقوش المعاصرة لعصره."
"leaders-040","leaders","جناح ملوك وملكات مصر القديمة","حورمحب","الأسرة الثامنة عشرة","قائد عسكري أنهى فترة اضطراب العمارنة. خلّدت التماثيل والنصوص الملكية اسمه ضمن سجل ملوك مصر القديمة."
"leaders-041","leaders","جناح ملوك وملكات مصر القديمة","رمسيس الأول","الأسرة التاسعة عشرة","مؤسس الأسرة التاسعة عشرة. يُستدل على تفاصيل حكمه من النقوش الملكية وقوائم الملوك التاريخية."
"leaders-042","leaders","جناح ملوك وملكات مصر القديمة","سيتي الأول","الأسرة التاسعة عشرة","صاحب معبد أبيدوس الشهير. وثّقت الآثار والنقوش الجدارية أبرز محطات عهده وإنجازاته."
"leaders-043","leaders","جناح ملوك وملكات مصر القديمة","رمسيس الثاني","الأسرة التاسعة عشرة","الملقب بالعظيم، صاحب أبو سمبل ومعاهدة قادش. تروي المعابد والمقابر التي شُيدت في عصره الكثير عن سياسته وإنجازاته."
"leaders-044","leaders","جناح ملوك وملكات مصر القديمة","مرنبتاح","الأسرة التاسعة عشرة","أول من ذكر اسم إسرائيل في نقش تاريخي. اعتمد المؤرخون في تتبع سيرته على البرديات والنقوش المعاصرة لعصره."
"leaders-045","leaders","جناح ملوك وملكات مصر القديمة","سيتي الثاني","الأسرة التاسعة عشرة","حكم خلال فترة اضطراب أسري. خلّدت التماثيل والنصوص الملكية اسمه ضمن سجل ملوك مصر القديمة."
"leaders-046","leaders","جناح ملوك وملكات مصر القديمة","توسرت","الأسرة التاسعة عشرة","من الملكات القلائل اللاتي حكمن مصر بلقب فرعون. يُستدل على تفاصيل حكمه من النقوش الملكية وقوائم الملوك التاريخية."
"leaders-047","leaders","جناح ملوك وملكات مصر القديمة","ست ناخت","الأسرة العشرون","مؤسس الأسرة العشرين وأعاد الاستقرار. وثّقت الآثار والنقوش الجدارية أبرز محطات عهده وإنجازاته."
"leaders-048","leaders","جناح ملوك وملكات مصر القديمة","رمسيس الثالث","الأسرة العشرون","تصدى لغزوات شعوب البحر. تروي المعابد والمقابر التي شُيدت في عصره الكثير عن سياسته وإنجازاته."
"leaders-049","leaders","جناح ملوك وملكات مصر القديمة","رمسيس السادس","الأسرة العشرون","حكم في فترة ضعف اقتصادي متزايد. اعتمد المؤرخون في تتبع سيرته على البرديات والنقوش المعاصرة لعصره."
"leaders-050","leaders","جناح ملوك وملكات مصر القديمة","رمسيس التاسع","الأسرة العشرون","شهد عصره سرقات موثقة لمقابر الملوك. خلّدت التماثيل والنصوص الملكية اسمه ضمن سجل ملوك مصر القديمة."
"leaders-051","leaders","جناح ملوك وملكات مصر القديمة","سمندس","الأسرة الحادية والعشرون","مؤسس الأسرة الحادية والعشرين في تانيس. يُستدل على تفاصيل حكمه من النقوش الملكية وقوائم الملوك التاريخية."
"leaders-052","leaders","جناح ملوك وملكات مصر القديمة","بسوسنس الأول","الأسرة الحادية والعشرون","اشتهرت مقبرته بكنوز فضية وذهبية نادرة. وثّقت الآثار والنقوش الجدارية أبرز محطات عهده وإنجازاته."
"leaders-053","leaders","جناح ملوك وملكات مصر القديمة","شيشنق الأول","الأسرة الثانية والعشرون","مؤسس الأسرة الليبية الحاكمة. تروي المعابد والمقابر التي شُيدت في عصره الكثير عن سياسته وإنجازاته."
"leaders-054","leaders","جناح ملوك وملكات مصر القديمة","أوسركون الأول","الأسرة الثانية والعشرون","واصل حكم الأسرة الليبية بمصر. اعتمد المؤرخون في تتبع سيرته على البرديات والنقوش المعاصرة لعصره."
"leaders-055","leaders","جناح ملوك وملكات مصر القديمة","أوسركون الثاني","الأسرة الثانية والعشرون","شهد عصره تنافساً على العرش. خلّدت التماثيل والنصوص الملكية اسمه ضمن سجل ملوك مصر القديمة."
"leaders-056","leaders","جناح ملوك وملكات مصر القديمة","بعنخي","الأسرة الخامسة والعشرون","الملك النوبي الذي وحّد مصر. يُستدل على تفاصيل حكمه من النقوش الملكية وقوائم الملوك التاريخية."
"leaders-057","leaders","جناح ملوك وملكات مصر القديمة","شاباكا","الأسرة الخامسة والعشرون","ملك كوشي حكم مصر وأعاد الاهتمام بالتراث القديم. وثّقت الآثار والنقوش الجدارية أبرز محطات عهده وإنجازاته."
"leaders-058","leaders","جناح ملوك وملكات مصر القديمة","طهارقا","الأسرة الخامسة والعشرون","أشهر ملوك الأسرة الكوشية الحاكمة لمصر. تروي المعابد والمقابر التي شُيدت في عصره الكثير عن سياسته وإنجازاته."
"leaders-059","leaders","جناح ملوك وملكات مصر القديمة","بسماتيك الأول","الأسرة السادسة والعشرون","أعاد توحيد مصر في العصر المتأخر. اعتمد المؤرخون في تتبع سيرته على البرديات والنقوش المعاصرة لعصره."
"leaders-060","leaders","جناح ملوك وملكات مصر القديمة","نخاو الثاني","الأسرة السادسة والعشرون","حاول شق قناة تربط النيل بالبحر الأحمر. خلّدت التماثيل والنصوص الملكية اسمه ضمن سجل ملوك مصر القديمة."
"leaders-061","leaders","جناح ملوك وملكات مصر القديمة","بسماتيك الثاني","الأسرة السادسة والعشرون","قاد حملة عسكرية جنوباً إلى النوبة. يُستدل على تفاصيل حكمه من النقوش الملكية وقوائم الملوك التاريخية."
"leaders-062","leaders","جناح ملوك وملكات مصر القديمة","أبريس","الأسرة السادسة والعشرون","خاض حروباً بحرية ضد المدن اليونانية. وثّقت الآثار والنقوش الجدارية أبرز محطات عهده وإنجازاته."
"leaders-063","leaders","جناح ملوك وملكات مصر القديمة","أحمس الثاني","الأسرة السادسة والعشرون","عهده شهد ازدهاراً تجارياً مع اليونان. تروي المعابد والمقابر التي شُيدت في عصره الكثير عن سياسته وإنجازاته."
"leaders-064","leaders","جناح ملوك وملكات مصر القديمة","نختانبو الأول","الأسرة الثلاثون","آخر الأسر المصرية الوطنية المستقلة. اعتمد المؤرخون في تتبع سيرته على البرديات والنقوش المعاصرة لعصره."
"leaders-065","leaders","جناح ملوك وملكات مصر القديمة","نختانبو الثاني","الأسرة الثلاثون","آخر فرعون مصري أصيل قبل الغزو الفارسي الثاني. خلّدت التماثيل والنصوص الملكية اسمه ضمن سجل ملوك مصر القديمة."
"leaders-066","leaders","جناح ملوك وملكات مصر القديمة","بطليموس الأول سوتر","العصر البطلمي","مؤسس الأسرة البطلمية اليونانية في مصر. يُستدل على تفاصيل حكمه من النقوش الملكية وقوائم الملوك التاريخية."
"leaders-067","leaders","جناح ملوك وملكات مصر القديمة","بطليموس الثاني فيلادلفوس","العصر البطلمي","طوّر مكتبة الإسكندرية ومنارتها. وثّقت الآثار والنقوش الجدارية أبرز محطات عهده وإنجازاته."
"leaders-068","leaders","جناح ملوك وملكات مصر القديمة","بطليموس الثالث","العصر البطلمي","وسّع نفوذ الدولة البطلمية خارجياً. تروي المعابد والمقابر التي شُيدت في عصره الكثير عن سياسته وإنجازاته."
"leaders-069","leaders","جناح ملوك وملكات مصر القديمة","بطليموس الرابع","العصر البطلمي","شهد عصره بدايات ضعف الدولة البطلمية. اعتمد المؤرخون في تتبع سيرته على البرديات والنقوش المعاصرة لعصره."
"leaders-070","leaders","جناح ملوك وملكات مصر القديمة","بطليموس الخامس","العصر البطلمي","صدر في عهده مرسوم حجر رشيد. خلّدت التماثيل والنصوص الملكية اسمه ضمن سجل ملوك مصر القديمة."
"leaders-071","leaders","جناح ملوك وملكات مصر القديمة","بطليموس السادس","العصر البطلمي","خاض صراعات على العرش مع إخوته. يُستدل على تفاصيل حكمه من النقوش الملكية وقوائم الملوك التاريخية."
"leaders-072","leaders","جناح ملوك وملكات مصر القديمة","بطليموس الثامن","العصر البطلمي","عُرف بلقب فيسكون وصراعاته العائلية. وثّقت الآثار والنقوش الجدارية أبرز محطات عهده وإنجازاته."
"leaders-073","leaders","جناح ملوك وملكات مصر القديمة","بطليموس الثاني عشر","العصر البطلمي","والد الملكة كليوباترا السابعة. تروي المعابد والمقابر التي شُيدت في عصره الكثير عن سياسته وإنجازاته."
"leaders-074","leaders","جناح ملوك وملكات مصر القديمة","كليوباترا السابعة","العصر البطلمي","آخر ملكات مصر البطلمية وأشهرهن. اعتمد المؤرخون في تتبع سيرته على البرديات والنقوش المعاصرة لعصره."
"leaders-075","leaders","جناح ملوك وملكات مصر القديمة","أرسينوي الثانية","العصر البطلمي","ملكة بطلمية نافذة النفوذ السياسي. خلّدت التماثيل والنصوص الملكية اسمه ضمن سجل ملوك مصر القديمة."
"leaders-076","leaders","جناح ملوك وملكات مصر القديمة","بيرنيكي الثانية","العصر البطلمي","ملكة بطلمية اشتهرت بقصة خصلة شعرها الأسطورية. يُستدل على تفاصيل حكمه من النقوش الملكية وقوائم الملوك التاريخية."
"leaders-077","leaders","جناح ملوك وملكات مصر القديمة","مرنبتاح آمون خبر رع","العصر المتأخر","اسم عرش لأحد ملوك الأسرة التاسعة عشرة. وثّقت الآثار والنقوش الجدارية أبرز محطات عهده وإنجازاته."
"leaders-078","leaders","جناح ملوك وملكات مصر القديمة","خوفو خع اف","الأسرة الرابعة","اسم عرش مرتبط بأحد ملوك بناة الأهرام. تروي المعابد والمقابر التي شُيدت في عصره الكثير عن سياسته وإنجازاته."
"leaders-079","leaders","جناح ملوك وملكات مصر القديمة","سا حورع نفر إير كارع","الأسرة الخامسة","اسم كامل لأحد ملوك الأسرة الخامسة. اعتمد المؤرخون في تتبع سيرته على البرديات والنقوش المعاصرة لعصره."
"leaders-080","leaders","جناح ملوك وملكات مصر القديمة","مري إن رع نمتي إم زاف","الأسرة السادسة","أحد ملوك أواخر الأسرة السادسة. خلّدت التماثيل والنصوص الملكية اسمه ضمن سجل ملوك مصر القديمة."
"leaders-081","leaders","جناح ملوك وملكات مصر القديمة","خيان","عصر الهكسوس","أحد ملوك الهكسوس الذين حكموا شمال مصر. يُستدل على تفاصيل حكمه من النقوش الملكية وقوائم الملوك التاريخية."
"leaders-082","leaders","جناح ملوك وملكات مصر القديمة","أبيبي","عصر الهكسوس","آخر ملوك الهكسوس البارزين قبل الطرد. وثّقت الآثار والنقوش الجدارية أبرز محطات عهده وإنجازاته."
"leaders-083","leaders","جناح ملوك وملكات مصر القديمة","حور محب سا آمون","الأسرة الثامنة عشرة","الاسم الكامل للملك حورمحب على النقوش. تروي المعابد والمقابر التي شُيدت في عصره الكثير عن سياسته وإنجازاته."
"leaders-084","leaders","جناح ملوك وملكات مصر القديمة","الملك نكتانيبو الأول","الأسرة الثلاثون ","الملك نكتانيبو الأول (نخت نب إف) هو مؤسس الأسرة الثلاثين وآخر الأسرات المصرية الأصيلة في التاريخ القديم حكم البلاد لفترة قاربت الثمانية عشر عاماً امتازت بالاستقرار والازدهار الاقتصادي والعسكري حيث تمكن بذكاء حربي من صد غزو فارسي هائل مدعوم بالمرتزقة اليونانيين مستغلاً فيضان النيل لإغراق طرق تقدمهم وترك خلفه إرثاً معمارياً وفنياً هائلاً تجلى في بناء وتطوير المعابد في مختلف أنحاء مصر مثل معبد فيلة والأقصر والكرنك ليعيد إلى الأذهان أمجاد الدولة الحديثة في الفن والنحت"
"leaders-085","leaders","جناح ملوك وملكات مصر القديمة","نخاو الثاني ","الأسرة السادسة والعشرون","الملك نخاو الثاني هو ملك المغامرات والنهضة في تاريخ مصر القديم لم يكن حاكما تقليديا بل كان يمتلك رؤية سابقت عصره فهو أول من تجرأ على وصل البحرين الأحمر والمتوسط عبر النيل بطريق مائي وأول من أرسل بعثة استكشافية دارت حول قارة أفريقيا بأكملها في رحلة بحرية أسطورية استمرت ثلاثة أعوام جمع نخاو بين طموح القائد العسكري والدبلوماسي الذكي ليعيد لمصر هيبتها ومكانتها الدولية كقوة بحرية وتجارية عظمى في العصر المتأخر"
"leaders-086","leaders","جناح ملوك وملكات مصر القديمة","قمبيز الثاني","الأسرة السابعة والعشرون","الملك قمبيز الثاني هو حاكم فارسي غزا مصر عام 525 قبل الميلاد وأسس الأسرة السابعة والعشرين بعد هزيمة إبسماتيك الثالث في معركة بيلوزيوم ورغم أن المؤرخين اليونانيين وصفوه بالطاغية ومدمر المعابد إلا أن الآثار المصرية أكدت احترامه للديانة الفرعونية وتقديمه القرابين للآلهة وانتهى حكمه سريعا بعد فشل حملاته في الصحراء والنوبة وموته عام 522 قبل الميلاد"
"leaders-087","leaders","جناح ملوك وملكات مصر القديمة","الملك نكتانيبو الثاني","الأسرة الثلاثون","الملك نكتانيبو الثاني هو آخر فرعون مصري من السكان الأصليين يحكم مصر القديمة قبل سقوطها في يد الاحتلال الخارجي وشهد عهده محاولات مستمرة لحماية استقلال البلاد من الأطماع الفارسية كما تميز برعايته الكبيرة للفنون والنحت وترك تماثيل بديعة تظهره في حماية الإله حورس في هيئة الصقر"
"leaders-088","leaders","جناح ملوك وملكات مصر القديمة","الملك هكور (أخوريس)","الأسرة التاسعة والعشرين","الملك هاكور هو أبرز ملوك الأسرة التاسعة والعشرين في العصر المتأخر حكم البلاد قرابة ثلاثة عشر عاماً نجح خلالها في تثبيت أركان الحكم وحماية استقلال مصر من الأطماع الفارسية المستمرة عبر بناء تحالفات عسكرية قوية وشهد عهده نشاطاً معمارياً واسعاً تجلى في إضافاته البديعة لمعابد الكرنك وفيلة"
"leaders-089","leaders","جناح ملوك وملكات مصر القديمة","الملك نفريتس الأول (نايف عاو رود)","الأسرة التاسعة والعشرين","الملك نفريتس الأول هو مؤسس الأسرة التاسعة والعشرين حكم البلاد من عاصمته منديس في الدلتا ونجح في تثبيت أركان حكمه بعد الإطاحة بالملك أمييرتيوس وقام بتأمين حدود مصر عبر بناء تحالفات قوية ضد الإمبراطورية الفارسية وترك خلفه آثاراً وتماثيل شهيرة عُثر عليها في عدة مناطق بالوجه البحري"
"leaders-090","leaders","جناح ملوك وملكات مصر القديمة","الملك باساموثيس (بسا موت)","الأسرة التاسعة والعشرين","الملك باساموثيس هو أحد ملوك الأسرة التاسعة والعشرين وعلى الرغم من أن فترة حكمه كانت قصيرة جداً ولم تتجاوز العام الواحد بسبب الصراع على العرش إلا أنه تمكن من إدراج اسمه في السجلات الملكية وترك تماثيل ونقوشاً أثرية موثقة تظهره بالزي الملكي التقليدي وتُعرض قطع من عهده في المتاحف العالمية"
"leaders-091","leaders","جناح ملوك وملكات مصر القديمة","الملك نيفريتس الثاني والوزير الفرعوني","الأسرة التاسعة والعشرين","الملك نيفريتس الثاني هو آخر ملوك الأسرة التاسعة والعشرين الفرعونية المصرية وحكم البلاد لفترة قصيرة جداً بلغت بضعة أشهر فقط قبل أن يطيح به الملك نختنبو الأول وعلى الرغم من قصر عهده وعدم بقاء تماثيل كاملة لوجهه إلا أن المتاحف العالمية تحتفظ بمنحوتات حقيقية رائعة لكبار وزرائه وقادة جيشه المصريين الذين أداروا البلاد في عهده وتظهرهم بالرداء الفرعوني التقليدي والملامح المصرية الخالصة"
"leaders-092","leaders","جناح ملوك وملكات مصر القديمة","الملك خاسخموي","الأسرة الثانية","التمثال لخاسخموي آخر ملوك الأسرة الثانية في مصر وهو متوج على عرشه مع نقوش لأعداء مهزومين حول قاعدته أقدم تمثال ملكي حجري باق من مصر القديمة ويرتدي الملك تاج هيدجيت الأبيض الخاص بصعيد مصر وهو ملفوف برداء طويل ذي أكمام طويلة وهو زي مرتبط بمهرجان اليوبيل حب سد وقد ثقبت قبضته اليمنى لتعليق شيء آخر ربما مقبض صولجان أو عصا"
"leaders-093","leaders","جناح ملوك وملكات مصر القديمة","تمثال رانيفر","أواخر الأسرة الرابعة وبداية الأسرة الخامسة","يصوّر التمثال رنفر واقفًا مرتديًا تنورةً متوسطة الطول ذات طيات شعره قصير وعيناه مرسومتان عُثر على هذا التمثال الرائع مع تمثال آخر مطابق له تقريبًا في محرابين داخل كنيسة مقبرته في سقارة يُظهره هذا التمثال في شيخوخته بينما يُظهره الآخر في ريعان شبابه وكان رنفر كاهنًا أعظم للإلهين بتاح وسكر في ممفيس في أواخر الأسرة الرابعة وبداية الأسرة الخامسة واسمه يعني رع جميل وكان لقبه الرئيسي أعظم مديري الحرفيين في يوم العيد وهذا تحريف للقب الذي يُطلق عادةً على الكاهن الأعظم للإله بتاحعاش الكاهن رنفر وعُثر على تماثيله ومقبرته في حقبة أواخر الأسرة الرابعة وبداية الأسرة الخامسة (عصر الدولة القديمة)."
"leaders-094","leaders","جناح ملوك وملكات مصر القديمة","تمثال باك- إن- خونسو الثالث","الأسرة العشرون","يُصوِّر هذا التمثال الفريد الكاهن باك- إن- خونسو الثالث، الذي شغل منصباً كهنوتياً رفيعاً وهاماً في معبد الكرنك خلال عهد الأسرة العشرين. يظهر الكاهن في الوضع واقفاً وهو يقدم قدمه اليسرى للأمام كرمز للحياة والتحرك وفقاً للتقاليد الفنية المصرية القديمة. ويمسك بكلتا يديه شعاراً أو معبوداً مقدساً أمامه، في تجسيد واضح للورع والتقرب إلى الآلهة. يُعد التمثال نموذجاً رائعاً لتماثيل رجال الدين والحاشية في أواخر عصر الدولة الحديثة، حيث يعكس تطور النحت والملامح الفنية والدينية لتلك الحقبة."
"leaders-095","leaders","جناح ملوك وملكات مصر القديمة","قناع مومياء من الكارتوناج لشخص يدعى ""خيتي""","الأسرتين التاسعة والعاشرة","اكتشف هذا القناع المصنوع من الكارتوناج الملون عام 1903 خلال أعمال الحفائر بجبانة أسيوط في مصر العليا صُنع القناع خصيصا لرجل نبيل يدعى خيتي عاصر ملوك الأسرتين التاسعة والعاشرة يصور القناع المتوفى بملامح وقورة حيث يظهر كرجل ملتح بلحية مطلية باللون الأزرق ويرتدي باروكة شعر سوداء يحيط بها عصابة رأس إكليل ملونة بينما يغطي صدره نقش لقلادة عريضة تتألف من عدة صفوف من الخرز زاهي الألوان ومما يثير الدهشة تاريخيا أن تابوت خيتي قد أعيد استخدامه لاحقا في العصور القديمة حيث عثر بداخل القناع على بقايا عظام طفل صغير يتراوح عمره بين 4 إلى 5 سنوات"
"leaders-096","leaders","جناح ملوك وملكات مصر القديمة","تمثال لـ ساروي","الأسرة التاسعة عشرة","يصور هذا الأثر الرائع الكاتب الملكي ساروي في وضعية الركوع وهو يحمل بيديه رمزا أو لواء مقدسا على طول ذراعه اليمنى ويدعمه بيده اليسرى يرتدي ساروي باروكة شعر مستعار ذات خصلات مزدوجة ورداء طويلا ومثنيا يعكس بوضوح أحدث صيحات الموضة والملابس المميزة لفترة الرعامسة في عصر الدولة الحديثة كما يزين عنقه طوق الشرف المزدوج المسمى شيبيو وقلادة صدرية عريضة ومما يمنح هذا التمثال قيمة تاريخية وتوثيقية استثنائية وجود سطر أفقي من النصوص الهيروغليفية على صدره يذكر اسمه ولقبه بالإضافة إلى نقش الخرطوش الملكي للملك رمسيس الثاني محفورا بدقة على كتفه الأيمن لتوثيق فترة خدمته تحت إمرة هذا الفرعون العظيم"
"leaders-097","leaders","جناح ملوك وملكات مصر القديمة","""تمثال ثنائي لـ""خبر-كا-رع-سنب"" و""مريت","الأسرة الثامنة عشرة","هو عبارة عن تمثال صغير مصنوع من الحجر الجيري لشخص يدعى خبر كا رع سنب وزوجته السيدة مريت عثر على هذا الأثر بمنطقة الدير البحري بغرب طيبة يظهر فيه الزوجان وهما يجلسان جنبا إلى جنب على كرسي بظهر مرتفع تماشيا مع قواعد الفن المصري القديم حيث يجلس الرجل على الجانب الأيسر ويرتدي صاحب التمثال شعرا مستعارا يصل إلى كتفيه ونقبة طويلة تصل إلى منتصف ساقيه أما زوجته السيدة مريت فتظهر وهي ترتدي ثوبا حابكا وشعرا مستعارا طويلا ينقسم إلى خصلتين تنسدلان على صدرها مع جزء أعرض من الشعر ينسدل من الخلف ويمكن من خلال الأسلوب الفني الرصين ومفردات صيغة تقديم القرابين المنقوشة بدقة على هذا العمل النحتي تأريخه وتوثيقه إلى مطلع عصر الأسرة الثامنة عشرة"
"leaders-098","leaders","جناح ملوك وملكات مصر القديمة","تمثال كاعبر","الأسرة الخامسة","يصوّر التمثال الكاهن المرتل والكاتب كاعبر في وضعية السير يتقدم بقدمه اليسرى ويرتدي تنورة قصيرة وممسكاً بعصا القيادة الخشبية في يده ويمتاز التمثال بواقعية مذهلة تظهر جسده الممتلئ وملامح وجهه المستديرة التي تعكس ملامح رجل ثري ذي نفوذ وأكثر ما يميزه عيناه المطعمتان بدقة فائقة بحجر الكالسيت والبلور الصخري والمحددتان بالنحاس مما يمنحه نظرة حية تنبض بالحياة وقد أطلق عليه عمال الحفائر هذا الاسم نظراً للشبه الكبير بينه وبين عمدة قريتهم وقت اكتشافه في سقارة"
"leaders-099","leaders","جناح ملوك وملكات مصر القديمة","قناع مومياء لمسحتي","الأسرة الحادية عشرة","يُعد الأمير ""مسحتي""، حاكم إقليم أسيوط في عصر الدولة الوسطى، صاحب واحدة من أثمن المجموعات الجنائزية في تاريخ مصر القديمة. تكمن عبقرية مقبرته الفريدة في العثور على نموذجين خشبيين كاملين لفرقتين من الجيش المصري القديم؛ الفرقة الأولى تمثل 40 جندياً مصرياً يحملون الدروع الرقّية والرماح، والفرقة الثانية تمثل 40 جندياً نوبياً من الرماة (أصحاب القسي والسهام). تعكس هذه التماثيل الخشبية بدقة متناهية ملامح الانضباط، التنظيم، والزي العسكري الصارم للجيش الفرعوني، وتكشف كيف استعد هذا القائد العظيم لحياته في العالم الآخر محاطاً بكتائبه الوفية"
"leaders-100","leaders","جناح ملوك وملكات مصر القديمة","الملك نفرفرع","الاسره الخامسه","ابن الملك نفر إير كارع وتوفي شاباً في بداية عهده وعثر علماء الآثار على مجموعته الجنائزية كاملة وبها تماثيل طينية وخشبية بديعة له."
"paintings-001","paintings","جناح اللوحات والفنون","لوحة الموناليزا","ليوناردو دافينشي - إيطاليا","أشهر لوحة بورتريه في تاريخ الفن. تعكس هذه اللوحة الأسلوب الفني والروح الفكرية للحقبة التي رُسمت فيها."
"paintings-002","paintings","جناح اللوحات والفنون","فتاة تقرأ القرآن","عثمان حمدي بك - تركيا العثمانية","لوحة تصور فتاة منكبّة على تلاوة القرآن بخشوع. تعكس هذه اللوحة اهتمام الفنان بتصوير الحياة الروحانية في المجتمع العثماني."
"paintings-003","paintings","جناح اللوحات والفنون","عازفتا الموسيقى","عثمان حمدي بك - تركيا العثمانية","لوحة تصور جلسة موسيقية هادئة بأزياء عثمانية تقليدية. تنتمي هذه اللوحة إلى أعمال فنية وثّقت الحياة الاجتماعية العثمانية."
"paintings-004","paintings","جناح اللوحات والفنون","بنات بحري","محمود سعيد - مصر","لوحة من أشهر أعمال رائد الفن المصري الحديث، تصور فتيات من حي بحري الإسكندراني. تجسّد هذه اللوحة ملامح الهوية المصرية وألوانها الدافئة المميزة."
"paintings-005","paintings","جناح اللوحات والفنون","مدرسة أثينا","رافائيل - إيطاليا","جدارية تجمع كبار فلاسفة اليونان. تعكس هذه اللوحة الأسلوب الفني والروح الفكرية للحقبة التي رُسمت فيها."
"paintings-006","paintings","جناح اللوحات والفنون","الدراويش","محمود سعيد - مصر","لوحة تصور حلقة ذكر صوفية وحركة الدراويش الدائرية. تعبّر هذه اللوحة عن البعد الروحي في الفن المصري الحديث."
"paintings-007","paintings","جناح اللوحات والفنون","ليلة مرصعة بالنجوم","فنسنت فان جوخ - هولندا","لوحة بدوامات زرقاء تعبر عن اضطراب داخلي. تنتمي هذه اللوحة إلى أعمال فنية أثّرت في مسار تاريخ الفن التشكيلي."
"paintings-008","paintings","جناح اللوحات والفنون","عباد الشمس","فنسنت فان جوخ - هولندا","سلسلة لوحات بألوان صفراء زاهية. تحمل هذه اللوحة بصمة أسلوب فني مميز اشتهر به صاحبها عبر العصور."
"paintings-009","paintings","جناح اللوحات والفنون","غرفة نوم فان جوخ في آرل","فنسنت فان جوخ - هولندا","تصور غرفة نوم الفنان الشخصية. تعكس هذه اللوحة الأسلوب الفني والروح الفكرية للحقبة التي رُسمت فيها."
"paintings-010","paintings","جناح اللوحات والفنون","تراس مقهى في الليل","فنسنت فان جوخ - هولندا","أول لوحة رسمها فان جوخ ليلاً بالكامل. تجسّد هذه اللوحة براعة فنانها في استخدام الضوء والتكوين البصري."
"paintings-011","paintings","جناح اللوحات والفنون","الفتاة ذات القرط اللؤلؤي","يوهان فيرمير - هولندا","تُلقب أحياناً بموناليزا الشمال. تنتمي هذه اللوحة إلى أعمال فنية أثّرت في مسار تاريخ الفن التشكيلي."
"paintings-012","paintings","جناح اللوحات والفنون","قارئة الرسالة عند النافذة","يوهان فيرمير - هولندا","تصور فتاة منغمسة في قراءة رسالة. تحمل هذه اللوحة بصمة أسلوب فني مميز اشتهر به صاحبها عبر العصور."
"paintings-013","paintings","جناح اللوحات والفنون","الصرخة","إدوارد مونش - النرويج","تجسد القلق الوجودي بسماء حمراء متموجة. تعكس هذه اللوحة الأسلوب الفني والروح الفكرية للحقبة التي رُسمت فيها."
"paintings-014","paintings","جناح اللوحات والفنون","موجة كاناغاوا العظيمة","هوكوساي - اليابان","لوحة يابانية تقليدية لموجة بحرية هائلة. تجسّد هذه اللوحة براعة فنانها في استخدام الضوء والتكوين البصري."
"paintings-015","paintings","جناح اللوحات والفنون","غرنيكا","بابلو بيكاسو - إسبانيا","لوحة مناهضة للحرب تصور مأساة قصف مدينة غرنيكا. تنتمي هذه اللوحة إلى أعمال فنية أثّرت في مسار تاريخ الفن التشكيلي."
"paintings-016","paintings","جناح اللوحات والفنون","لاس مينيناس","دييغو فيلاثكيث - إسبانيا","لوحة معقدة التركيب من العصر الذهبي الإسباني. تحمل هذه اللوحة بصمة أسلوب فني مميز اشتهر به صاحبها عبر العصور."
"paintings-017","paintings","جناح اللوحات والفنون","القبلة","غوستاف كليمت - النمسا","لوحة ذهبية تجسد اندماج حبيبين. تعكس هذه اللوحة الأسلوب الفني والروح الفكرية للحقبة التي رُسمت فيها."
"paintings-018","paintings","جناح اللوحات والفنون","المرأة الذهبية (بورتريه أديل بلوخ باور)","غوستاف كليمت - النمسا","بورتريه شهير مغطى بأوراق الذهب. تجسّد هذه اللوحة براعة فنانها في استخدام الضوء والتكوين البصري."
"paintings-019","paintings","جناح اللوحات والفنون","المظلات","بيير أوغست رينوار - فرنسا","مشهد انطباعي حيوي في شارع باريسي ممطر. تنتمي هذه اللوحة إلى أعمال فنية أثّرت في مسار تاريخ الفن التشكيلي."
"paintings-020","paintings","جناح اللوحات والفنون","غداء حفل قوارب التجديف","بيير أوغست رينوار - فرنسا","لوحة انطباعية لجلسة اجتماعية على النهر. تحمل هذه اللوحة بصمة أسلوب فني مميز اشتهر به صاحبها عبر العصور."
"paintings-021","paintings","جناح اللوحات والفنون","لوحة القدس (جمل المحامل)","سليمان منصور - فلسطين","أيقونة فنية للقضية الفلسطينية. تعكس هذه اللوحة الأسلوب الفني والروح الفكرية للحقبة التي رُسمت فيها."
"paintings-022","paintings","جناح اللوحات والفنون","مدرب السلاحف","عثمان حمدي بك - تركيا","تحفة فنية ترمز لبطء الإصلاح الاجتماعي. تجسّد هذه اللوحة براعة فنانها في استخدام الضوء والتكوين البصري."
"paintings-023","paintings","جناح اللوحات والفنون","انطباع، شروق الشمس","كلود مونيه - فرنسا","اللوحة التي أعطت اسمها للمدرسة الانطباعية. تنتمي هذه اللوحة إلى أعمال فنية أثّرت في مسار تاريخ الفن التشكيلي."
"paintings-024","paintings","جناح اللوحات والفنون","سلسلة زنابق الماء","كلود مونيه - فرنسا","سلسلة لوحات لحديقة الفنان الخاصة. تحمل هذه اللوحة بصمة أسلوب فني مميز اشتهر به صاحبها عبر العصور."
"paintings-025","paintings","جناح اللوحات والفنون","كاتدرائية روان","كلود مونيه - فرنسا","سلسلة لوحات تدرس تأثير الضوء على المبنى. تعكس هذه اللوحة الأسلوب الفني والروح الفكرية للحقبة التي رُسمت فيها."
"paintings-026","paintings","جناح اللوحات والفنون","ليلة عيد الميلاد الفنية (نجمة الليل)","إدغار ديغا - فرنسا","لوحة تجمع بين الحركة والضوء المسرحي. تجسّد هذه اللوحة براعة فنانها في استخدام الضوء والتكوين البصري."
"paintings-027","paintings","جناح اللوحات والفنون","راقصات الباليه","إدغار ديغا - فرنسا","سلسلة لوحات تصور راقصات الباليه الفرنسيات. تنتمي هذه اللوحة إلى أعمال فنية أثّرت في مسار تاريخ الفن التشكيلي."
"paintings-028","paintings","جناح اللوحات والفنون","بعد ظهر يوم أحد في جزيرة لا غراند جات","جورج سورا - فرنسا","لوحة رائدة في أسلوب التنقيط اللوني. تحمل هذه اللوحة بصمة أسلوب فني مميز اشتهر به صاحبها عبر العصور."
"paintings-029","paintings","جناح اللوحات والفنون","لاعبو الورق","بول سيزان - فرنسا","لوحة تجسد لحظة هدوء بين فلاحين. تعكس هذه اللوحة الأسلوب الفني والروح الفكرية للحقبة التي رُسمت فيها."
"paintings-030","paintings","جناح اللوحات والفنون","الجبل سانت فيكتوار","بول سيزان - فرنسا","سلسلة مناظر طبيعية أثرت في الفن التكعيبي. تجسّد هذه اللوحة براعة فنانها في استخدام الضوء والتكوين البصري."
"paintings-031","paintings","جناح اللوحات والفنون","آنسات أفينيون","بابلو بيكاسو - إسبانيا","لوحة مبكرة مهّدت لظهور المدرسة التكعيبية. تنتمي هذه اللوحة إلى أعمال فنية أثّرت في مسار تاريخ الفن التشكيلي."
"paintings-032","paintings","جناح اللوحات والفنون","الرجل العجوز والحرفة","بابلو بيكاسو - إسبانيا","من أعمال بيكاسو المبكرة بالفترة الزرقاء. تحمل هذه اللوحة بصمة أسلوب فني مميز اشتهر به صاحبها عبر العصور."
"paintings-033","paintings","جناح اللوحات والفنون","ثبات الذاكرة","سلفادور دالي - إسبانيا","لوحة سريالية بالساعات الذائبة الشهيرة. تعكس هذه اللوحة الأسلوب الفني والروح الفكرية للحقبة التي رُسمت فيها."
"paintings-034","paintings","جناح اللوحات والفنون","العناصر الثلاثة (شبح الحرب الأهلية)","سلفادور دالي - إسبانيا","تعبير سريالي عن أهوال الحرب الأهلية الإسبانية. تجسّد هذه اللوحة براعة فنانها في استخدام الضوء والتكوين البصري."
"paintings-035","paintings","جناح اللوحات والفنون","التوأمان (فريدا كاهلو)","فريدا كاهلو - المكسيك","بورتريه ذاتي مزدوج يعكس هويتها المزدوجة. تنتمي هذه اللوحة إلى أعمال فنية أثّرت في مسار تاريخ الفن التشكيلي."
"paintings-036","paintings","جناح اللوحات والفنون","العمود المكسور","فريدا كاهلو - المكسيك","بورتريه ذاتي يعبر عن الألم الجسدي. تحمل هذه اللوحة بصمة أسلوب فني مميز اشتهر به صاحبها عبر العصور."
"paintings-037","paintings","جناح اللوحات والفنون","النجمة الأمريكية (أمريكان غوثيك)","غرانت وود - أمريكا","لوحة أيقونية تصور مزارعين أمريكيين. تعكس هذه اللوحة الأسلوب الفني والروح الفكرية للحقبة التي رُسمت فيها."
"paintings-038","paintings","جناح اللوحات والفنون","نوكتورن في الأسود والذهبي","جيمس ماكنيل ويسلر - أمريكا","لوحة تجريدية مبكرة لألعاب نارية ليلية. تجسّد هذه اللوحة براعة فنانها في استخدام الضوء والتكوين البصري."
"paintings-039","paintings","جناح اللوحات والفنون","ليلى والمجنون","منمنمة من خمسة نظامي - إيران","منمنمة فارسية تصور إحدى أشهر قصص الحب في الأدب العربي والفارسي. تعكس هذه اللوحة تقليد التصوير في المخطوطات الإسلامية المزخرفة."
"paintings-040","paintings","جناح اللوحات والفنون","زواج آرنولفيني","يان فان آيك - فلاندرز","بورتريه مزدوج شهير بتفاصيله الدقيقة. تحمل هذه اللوحة بصمة أسلوب فني مميز اشتهر به صاحبها عبر العصور."
"paintings-041","paintings","جناح اللوحات والفنون","حديقة المسرات الأرضية","هيرونيموس بوش - هولندا","لوحة ثلاثية غامضة مليئة بالرموز. تعكس هذه اللوحة الأسلوب الفني والروح الفكرية للحقبة التي رُسمت فيها."
"paintings-042","paintings","جناح اللوحات والفنون","سقوط إيكاروس","بيتر بروغل الأكبر - فلاندرز","لوحة تصور أسطورة إيكاروس بمنظور مختلف. تجسّد هذه اللوحة براعة فنانها في استخدام الضوء والتكوين البصري."
"paintings-043","paintings","جناح اللوحات والفنون","حراس الليل","رامبرانت - هولندا","لوحة جماعية ضخمة بأسلوب الضوء والظل. تنتمي هذه اللوحة إلى أعمال فنية أثّرت في مسار تاريخ الفن التشكيلي."
"paintings-044","paintings","جناح اللوحات والفنون","درس التشريح للدكتور تولب","رامبرانت - هولندا","لوحة توثق جلسة تشريح علمية. تحمل هذه اللوحة بصمة أسلوب فني مميز اشتهر به صاحبها عبر العصور."
"paintings-045","paintings","جناح اللوحات والفنون","الفارس الأصفر ذو النور","خوان ميرو - إسبانيا","عمل تجريدي بأسلوب فني مبسط. تعكس هذه اللوحة الأسلوب الفني والروح الفكرية للحقبة التي رُسمت فيها."
"paintings-046","paintings","جناح اللوحات والفنون","تكوين ثامن","فاسيلي كاندينسكي - روسيا","من رواد الفن التجريدي الحديث. تجسّد هذه اللوحة براعة فنانها في استخدام الضوء والتكوين البصري."
"paintings-047","paintings","جناح اللوحات والفنون","مربع أسود","كازيمير ماليفيتش - روسيا","عمل رائد في الفن التجريدي الهندسي المتطرف. تنتمي هذه اللوحة إلى أعمال فنية أثّرت في مسار تاريخ الفن التشكيلي."
"paintings-048","paintings","جناح اللوحات والفنون","نجمة الصباح","جورجيا أوكيف - أمريكا","لوحة تجريدية مستوحاة من الطبيعة. تحمل هذه اللوحة بصمة أسلوب فني مميز اشتهر به صاحبها عبر العصور."
"paintings-049","paintings","جناح اللوحات والفنون","الرقص","هنري ماتيس - فرنسا","لوحة بألوان زاهية تصور حلقة راقصين. تعكس هذه اللوحة الأسلوب الفني والروح الفكرية للحقبة التي رُسمت فيها."
"paintings-050","paintings","جناح اللوحات والفنون","المرأة ذات القبعة","هنري ماتيس - فرنسا","عمل رائد في حركة الوحشية الفنية. تجسّد هذه اللوحة براعة فنانها في استخدام الضوء والتكوين البصري."
"paintings-051","paintings","جناح اللوحات والفنون","صرخة الحرية (المرأة تقود الشعب)","أوجين ديلاكروا - فرنسا","لوحة رمزية للثورة الفرنسية. تنتمي هذه اللوحة إلى أعمال فنية أثّرت في مسار تاريخ الفن التشكيلي."
"paintings-052","paintings","جناح اللوحات والفنون","طوف ميدوسا","تيودور جيريكو - فرنسا","لوحة درامية توثق كارثة بحرية حقيقية. تحمل هذه اللوحة بصمة أسلوب فني مميز اشتهر به صاحبها عبر العصور."
"paintings-053","paintings","جناح اللوحات والفنون","نابليون يعبر جبال الألب","جاك لوي دافيد - فرنسا","بورتريه بطولي دعائي لنابليون بونابرت. تعكس هذه اللوحة الأسلوب الفني والروح الفكرية للحقبة التي رُسمت فيها."
"paintings-054","paintings","جناح اللوحات والفنون","موت مارا","جاك لوي دافيد - فرنسا","لوحة توثق اغتيال أحد قادة الثورة الفرنسية. تجسّد هذه اللوحة براعة فنانها في استخدام الضوء والتكوين البصري."
"paintings-055","paintings","جناح اللوحات والفنون","راهب عند البحر","كاسبر ديفيد فريدريش - ألمانيا","لوحة رومانسية تعبر عن هيبة الطبيعة. تنتمي هذه اللوحة إلى أعمال فنية أثّرت في مسار تاريخ الفن التشكيلي."
"paintings-056","paintings","جناح اللوحات والفنون","متجول فوق بحر من الضباب","كاسبر ديفيد فريدريش - ألمانيا","أيقونة الرومانسية الألمانية. تحمل هذه اللوحة بصمة أسلوب فني مميز اشتهر به صاحبها عبر العصور."
"paintings-057","paintings","جناح اللوحات والفنون","عربة القش","جون كونستابل - إنجلترا","مشهد ريفي إنجليزي هادئ. تعكس هذه اللوحة الأسلوب الفني والروح الفكرية للحقبة التي رُسمت فيها."
"paintings-058","paintings","جناح اللوحات والفنون","المطر والبخار والسرعة","ويليام تيرنر - إنجلترا","لوحة تعبر عن الثورة الصناعية بالقطار. تجسّد هذه اللوحة براعة فنانها في استخدام الضوء والتكوين البصري."
"paintings-059","paintings","جناح اللوحات والفنون","أوفيليا","جون إيفريت ميليه - إنجلترا","لوحة تصور مشهداً من مسرحية هاملت. تنتمي هذه اللوحة إلى أعمال فنية أثّرت في مسار تاريخ الفن التشكيلي."
"paintings-060","paintings","جناح اللوحات والفنون","قاعة المرايا","كمال الملك - إيران","لوحة واقعية دقيقة لقاعة مرايا في بلاط القاجار الفارسي. تكشف هذه اللوحة عن مهارة الفنان في تصوير الضوء والتفاصيل المعمارية."
"paintings-061","paintings","جناح اللوحات والفنون","رماة الرمح","دييغو فيلاثكيث - إسبانيا","لوحة تاريخية توثق استسلام مدينة بريدا. تعكس هذه اللوحة الأسلوب الفني والروح الفكرية للحقبة التي رُسمت فيها."
"paintings-062","paintings","جناح اللوحات والفنون","ثالث مايو 1808","فرانثيسكو غويا - إسبانيا","لوحة درامية توثق إعدام مقاومين إسبان. تجسّد هذه اللوحة براعة فنانها في استخدام الضوء والتكوين البصري."
"paintings-063","paintings","جناح اللوحات والفنون","لوحة بسملة خطية","حافظ عثمان - الخلافة العثمانية","تحفة خطّية تجمع البسملة بأسلوب الخط العثماني الكلاسيكي. تحمل هذه اللوحة بصمة أستاذ من كبار خطاطي الدولة العثمانية."
"paintings-064","paintings","جناح اللوحات والفنون","العشاء في المطعم","فينسنت فان جوخ - هولندا","مشهد داخلي بأسلوب ما بعد الانطباعية. تحمل هذه اللوحة بصمة أسلوب فني مميز اشتهر به صاحبها عبر العصور."
"paintings-065","paintings","جناح اللوحات والفنون","آكلو البطاطس","فينسنت فان جوخ - هولندا","لوحة مبكرة تصور حياة الفلاحين الفقراء. تعكس هذه اللوحة الأسلوب الفني والروح الفكرية للحقبة التي رُسمت فيها."
"paintings-066","paintings","جناح اللوحات والفنون","امرأة بمظلة","كلود مونيه - فرنسا","لوحة انطباعية تصور زوجة الفنان وابنه. تجسّد هذه اللوحة براعة فنانها في استخدام الضوء والتكوين البصري."
"paintings-067","paintings","جناح اللوحات والفنون","محطة سان لازار","كلود مونيه - فرنسا","سلسلة تصور محطة قطارات باريسية بالبخار. تنتمي هذه اللوحة إلى أعمال فنية أثّرت في مسار تاريخ الفن التشكيلي."
"paintings-068","paintings","جناح اللوحات والفنون","حفلة راقصة في مولان دو لا غاليت","أوغست رينوار - فرنسا","مشهد اجتماعي انطباعي حيوي في باريس. تحمل هذه اللوحة بصمة أسلوب فني مميز اشتهر به صاحبها عبر العصور."
"paintings-069","paintings","جناح اللوحات والفنون","بورتريه الدكتور غاشيه","فينسنت فان جوخ - هولندا","بورتريه من آخر أعمال الفنان. تعكس هذه اللوحة الأسلوب الفني والروح الفكرية للحقبة التي رُسمت فيها."
"paintings-070","paintings","جناح اللوحات والفنون","الحصان الأبيض الكبير","جورج ستابس - إنجلترا","لوحة واقعية دقيقة لحيوان أصيل. تجسّد هذه اللوحة براعة فنانها في استخدام الضوء والتكوين البصري."
"paintings-071","paintings","جناح اللوحات والفنون","مدام إكس","جون سنجر سارجنت - أمريكا","بورتريه أثار جدلاً واسعاً عند عرضه. تنتمي هذه اللوحة إلى أعمال فنية أثّرت في مسار تاريخ الفن التشكيلي."
"paintings-072","paintings","جناح اللوحات والفنون","الأميرات (لاس مينيناس) نسخة مصغرة","دييغو فيلاثكيث - إسبانيا","نسخة تحليلية لأشهر لوحاته. تحمل هذه اللوحة بصمة أسلوب فني مميز اشتهر به صاحبها عبر العصور."
"paintings-073","paintings","جناح اللوحات والفنون","عازفة البيانو","بيير أوغست رينوار - فرنسا","لوحة داخلية أنيقة بأسلوب انطباعي. تعكس هذه اللوحة الأسلوب الفني والروح الفكرية للحقبة التي رُسمت فيها."
"paintings-074","paintings","جناح اللوحات والفنون","الحديقة اليابانية (جسر زنابق الماء)","كلود مونيه - فرنسا","إحدى لوحات حديقة جيفرني الشهيرة. تجسّد هذه اللوحة براعة فنانها في استخدام الضوء والتكوين البصري."
"paintings-075","paintings","جناح اللوحات والفنون","امرأة تحمل مظلة في حديقة","بيير أوغست رينوار - فرنسا","مشهد انطباعي مشمس في حديقة باريسية. تنتمي هذه اللوحة إلى أعمال فنية أثّرت في مسار تاريخ الفن التشكيلي."
"paintings-076","paintings","جناح اللوحات والفنون","صورة ذاتية بأذن مضمدة","فينسنت فان جوخ - هولندا","بورتريه ذاتي شهير بعد حادثة قطع أذنه. تحمل هذه اللوحة بصمة أسلوب فني مميز اشتهر به صاحبها عبر العصور."
"paintings-077","paintings","جناح اللوحات والفنون","النجمة (باليه)","إدغار ديغا - فرنسا","لوحة تصور راقصة في لحظة أداء منفردة. تعكس هذه اللوحة الأسلوب الفني والروح الفكرية للحقبة التي رُسمت فيها."
"paintings-078","paintings","جناح اللوحات والفنون","حمام الشمس","بول سينياك - فرنسا","لوحة بأسلوب التنقيط اللوني على الشاطئ. تجسّد هذه اللوحة براعة فنانها في استخدام الضوء والتكوين البصري."
"paintings-079","paintings","جناح اللوحات والفنون","امرأة مع مظلة تنظر لليسار","كلود مونيه - فرنسا","دراسة ضوئية انطباعية لحركة الرياح. تنتمي هذه اللوحة إلى أعمال فنية أثّرت في مسار تاريخ الفن التشكيلي."
"paintings-080","paintings","جناح اللوحات والفنون","لعب الورق في الريف","بول سيزان - فرنسا","نسخة أخرى من سلسلة لاعبي الورق الشهيرة. تحمل هذه اللوحة بصمة أسلوب فني مميز اشتهر به صاحبها عبر العصور."
"paintings-081","paintings","جناح اللوحات والفنون","تفاح وبرتقال","بول سيزان - فرنسا","دراسة طبيعة صامتة أثرت في الفن الحديث. تعكس هذه اللوحة الأسلوب الفني والروح الفكرية للحقبة التي رُسمت فيها."
"paintings-082","paintings","جناح اللوحات والفنون","بلاط الإمبراطور أكبر","منمنمة مغولية - الهند","منمنمة تصور مشهدًا من بلاط الإمبراطور المغولي أكبر. تجسّد هذه اللوحة دقة فناني البلاط المغولي في تصوير الأزياء والعمارة."
"paintings-083","paintings","جناح اللوحات والفنون","جحيمي (My Hell)","فخر النساء زيد - تركيا/العراق","عمل تجريدي ضخم لإحدى رائدات الفن التجريدي من أصول عثمانية وعراقية. تنتمي هذه اللوحة إلى أعمال فنية أثّرت في مسار الفن الحديث بالشرق الأوسط."
"paintings-084","paintings","جناح اللوحات والفنون","الحرية تقود الشعب","أوجين ديلاكروا - فرنسا","رمز فني خالد للثورة والحرية. تحمل هذه اللوحة بصمة أسلوب فني مميز اشتهر به صاحبها عبر العصور."
"paintings-085","paintings","جناح اللوحات والفنون","مذبحة خيوس","أوجين ديلاكروا - فرنسا","لوحة توثق مأساة إنسانية في حرب الاستقلال اليونانية. تعكس هذه اللوحة الأسلوب الفني والروح الفكرية للحقبة التي رُسمت فيها."
"paintings-086","paintings","جناح اللوحات والفنون","غرفة الطعام الحمراء","هنري ماتيس - فرنسا","لوحة بألوان جريئة ومسطحة. تجسّد هذه اللوحة براعة فنانها في استخدام الضوء والتكوين البصري."
"paintings-087","paintings","جناح اللوحات والفنون","الموسيقى","هنري ماتيس - فرنسا","لوحة مبسطة الأشكال بألوان صريحة. تنتمي هذه اللوحة إلى أعمال فنية أثّرت في مسار تاريخ الفن التشكيلي."
"paintings-088","paintings","جناح اللوحات والفنون","غيرنيكا التحضيرية (دراسات)","بابلو بيكاسو - إسبانيا","رسومات تحضيرية للوحة غرنيكا الشهيرة. تحمل هذه اللوحة بصمة أسلوب فني مميز اشتهر به صاحبها عبر العصور."
"paintings-089","paintings","جناح اللوحات والفنون","المرأة الباكية","بابلو بيكاسو - إسبانيا","لوحة مرتبطة بموضوع لوحة غرنيكا. تعكس هذه اللوحة الأسلوب الفني والروح الفكرية للحقبة التي رُسمت فيها."
"paintings-090","paintings","جناح اللوحات والفنون","الحلم","هنري روسو - فرنسا","لوحة ساذجة الطراز بغابة استوائية خيالية. تجسّد هذه اللوحة براعة فنانها في استخدام الضوء والتكوين البصري."
"paintings-091","paintings","جناح اللوحات والفنون","عازفة الغيتار العجوز","بابلو بيكاسو - إسبانيا","من أعمال الفترة الزرقاء المبكرة لبيكاسو. تنتمي هذه اللوحة إلى أعمال فنية أثّرت في مسار تاريخ الفن التشكيلي."
"paintings-092","paintings","جناح اللوحات والفنون","الفتاة أمام المرآة","بابلو بيكاسو - إسبانيا","لوحة تكعيبية تصور انعكاس الذات. تحمل هذه اللوحة بصمة أسلوب فني مميز اشتهر به صاحبها عبر العصور."
"paintings-093","paintings","جناح اللوحات والفنون","الرقصة الثانية","هنري ماتيس - فرنسا","نسخة أكثر حيوية من لوحة الرقص الشهيرة. تعكس هذه اللوحة الأسلوب الفني والروح الفكرية للحقبة التي رُسمت فيها."
"paintings-094","paintings","جناح اللوحات والفنون","امرأة تصب الحليب","يوهان فيرمير - هولندا","لوحة هولندية هادئة لمشهد منزلي يومي. تجسّد هذه اللوحة براعة فنانها في استخدام الضوء والتكوين البصري."
"paintings-095","paintings","جناح اللوحات والفنون","الفلكي","يوهان فيرمير - هولندا","لوحة تصور عالماً يدرس كرة سماوية. تنتمي هذه اللوحة إلى أعمال فنية أثّرت في مسار تاريخ الفن التشكيلي."
"paintings-096","paintings","جناح اللوحات والفنون","الجغرافي","يوهان فيرمير - هولندا","لوحة توثق أدوات العلم في القرن السابع عشر. تحمل هذه اللوحة بصمة أسلوب فني مميز اشتهر به صاحبها عبر العصور."
"paintings-097","paintings","جناح اللوحات والفنون","منظر لدلفت","يوهان فيرمير - هولندا","مشهد مدينة هولندية بضوء طبيعي دقيق. تعكس هذه اللوحة الأسلوب الفني والروح الفكرية للحقبة التي رُسمت فيها."
"paintings-098","paintings","جناح اللوحات والفنون","الاحتفال الشعبي","شعيبية طلال - المغرب","لوحة بألوان صريحة وأسلوب فطري تحتفي بالفرح الشعبي المغربي. تحمل هذه اللوحة بصمة إحدى أبرز الفنانات التشكيليات في المغرب."
"paintings-099","paintings","جناح اللوحات والفنون","مايا الملابسة","فرانثيسكو غويا - إسبانيا","نسخة مرتدية من لوحة مايا الشهيرة. تنتمي هذه اللوحة إلى أعمال فنية أثّرت في مسار تاريخ الفن التشكيلي."
"paintings-100","paintings","جناح اللوحات والفنون","عائلة تشارلز الرابع","فرانثيسكو غويا - إسبانيا","بورتريه ملكي جماعي ساخر بذكاء. تحمل هذه اللوحة بصمة أسلوب فني مميز اشتهر به صاحبها عبر العصور."
"roman-001","roman","جناح الحضارة الرومانية","يوليوس قيصر","100-44 ق.م","القائد الذي مهّد الطريق لسقوط الجمهورية الرومانية. تشهد هذه القطعة على براعة الرومان في الهندسة والتنظيم والفنون."
"roman-002","roman","جناح الحضارة الرومانية","أغسطس","27 ق.م-14م","أول أباطرة روما ومؤسس عصر السلام الروماني. تعكس هذه القطعة نظام الحكم والإدارة الذي اشتهرت به الإمبراطورية الرومانية."
"roman-003","roman","جناح الحضارة الرومانية","تيبريوس","14-37م","ثاني أباطرة روما، عُرف بحذره السياسي. تروي هذه القطعة جانبًا من الحياة العسكرية أو الاجتماعية في روما القديمة."
"roman-004","roman","جناح الحضارة الرومانية","كاليجولا","37-41م","اشتهر حكمه بالاستبداد والتقلب. تكشف هذه القطعة عن مهارة الحرفي الروماني ودقة صناعته."
"roman-005","roman","جناح الحضارة الرومانية","كلوديوس","41-54م","ضم بريطانيا إلى الإمبراطورية الرومانية. تشهد هذه القطعة على براعة الرومان في الهندسة والتنظيم والفنون."
"roman-006","roman","جناح الحضارة الرومانية","نيرون","54-68م","ارتبط اسمه بحريق روما الكبير. تعكس هذه القطعة نظام الحكم والإدارة الذي اشتهرت به الإمبراطورية الرومانية."
"roman-007","roman","جناح الحضارة الرومانية","فيسباسيان","69-79م","بدأ بناء مدرج الكولوسيوم. تروي هذه القطعة جانبًا من الحياة العسكرية أو الاجتماعية في روما القديمة."
"roman-008","roman","جناح الحضارة الرومانية","تيتوس","79-81م","افتتح الكولوسيوم وواجه ثوران جبل فيزوف. تكشف هذه القطعة عن مهارة الحرفي الروماني ودقة صناعته."
"roman-009","roman","جناح الحضارة الرومانية","دوميتيان","81-96م","حصّن حدود الإمبراطورية شمالاً. تشهد هذه القطعة على براعة الرومان في الهندسة والتنظيم والفنون."
"roman-010","roman","جناح الحضارة الرومانية","تراجان","98-117م","حكم في عهد أقصى اتساع للإمبراطورية. تعكس هذه القطعة نظام الحكم والإدارة الذي اشتهرت به الإمبراطورية الرومانية."
"roman-011","roman","جناح الحضارة الرومانية","هادريان","117-138م","بنى سور هادريان وأعاد بناء البانثيون. تروي هذه القطعة جانبًا من الحياة العسكرية أو الاجتماعية في روما القديمة."
"roman-012","roman","جناح الحضارة الرومانية","أنطونيوس بيوس","138-161م","عُرف بحكمه العادل المستقر. تكشف هذه القطعة عن مهارة الحرفي الروماني ودقة صناعته."
"roman-013","roman","جناح الحضارة الرومانية","ماركوس أوريليوس","161-180م","الإمبراطور الفيلسوف صاحب كتاب التأملات. تشهد هذه القطعة على براعة الرومان في الهندسة والتنظيم والفنون."
"roman-014","roman","جناح الحضارة الرومانية","كومودوس","180-192م","اشتهر بمشاركته الشخصية في مبارزات المصارعين. تعكس هذه القطعة نظام الحكم والإدارة الذي اشتهرت به الإمبراطورية الرومانية."
"roman-015","roman","جناح الحضارة الرومانية","سيبتيموس سيفيروس","193-211م","مؤسس أسرة حاكمة من أصول أفريقية. تروي هذه القطعة جانبًا من الحياة العسكرية أو الاجتماعية في روما القديمة."
"roman-016","roman","جناح الحضارة الرومانية","كاراكلا","211-217م","منح الجنسية الرومانية لجميع سكان الإمبراطورية الأحرار. تكشف هذه القطعة عن مهارة الحرفي الروماني ودقة صناعته."
"roman-017","roman","جناح الحضارة الرومانية","أوريليان","270-275م","لُقب بمُرمم العالم لتوحيده الإمبراطورية المتصدعة. تشهد هذه القطعة على براعة الرومان في الهندسة والتنظيم والفنون."
"roman-018","roman","جناح الحضارة الرومانية","دقلديانوس","284-305م","أعاد تنظيم الإمبراطورية بنظام الحكم الرباعي. تعكس هذه القطعة نظام الحكم والإدارة الذي اشتهرت به الإمبراطورية الرومانية."
"roman-019","roman","جناح الحضارة الرومانية","قسطنطين الأول","306-337م","أول إمبراطور يعتنق المسيحية وينقل العاصمة للقسطنطينية. تروي هذه القطعة جانبًا من الحياة العسكرية أو الاجتماعية في روما القديمة."
"roman-020","roman","جناح الحضارة الرومانية","تيودوسيوس الأول","379-395م","آخر من حكم الإمبراطورية موحدة قبل انقسامها. تكشف هذه القطعة عن مهارة الحرفي الروماني ودقة صناعته."
"roman-021","roman","جناح الحضارة الرومانية","يوستنيان الأول","527-565م","صاحب مجموعة القوانين الرومانية الشهيرة. تشهد هذه القطعة على براعة الرومان في الهندسة والتنظيم والفنون."
"roman-022","roman","جناح الحضارة الرومانية","بومبيوس العظيم","106-48 ق.م","قائد عسكري بارز في أواخر الجمهورية. تعكس هذه القطعة نظام الحكم والإدارة الذي اشتهرت به الإمبراطورية الرومانية."
"roman-023","roman","جناح الحضارة الرومانية","ماركوس أنطونيوس","83-30 ق.م","قائد روماني ارتبط اسمه بكليوباترا. تروي هذه القطعة جانبًا من الحياة العسكرية أو الاجتماعية في روما القديمة."
"roman-024","roman","جناح الحضارة الرومانية","سكيبيو الأفريقي","236-183 ق.م","القائد الذي هزم حنبعل في الحرب البونية الثانية. تكشف هذه القطعة عن مهارة الحرفي الروماني ودقة صناعته."
"roman-025","roman","جناح الحضارة الرومانية","قسطنطينوس الثاني","337-340م","أحد أبناء قسطنطين الذين تقاسموا الحكم. تشهد هذه القطعة على براعة الرومان في الهندسة والتنظيم والفنون."
"roman-026","roman","جناح الحضارة الرومانية","يوليان المرتد","361-363م","حاول إحياء الديانات الرومانية القديمة. تعكس هذه القطعة نظام الحكم والإدارة الذي اشتهرت به الإمبراطورية الرومانية."
"roman-027","roman","جناح الحضارة الرومانية","فاليريان","253-260م","أسره الفرس في معركة تاريخية شهيرة. تروي هذه القطعة جانبًا من الحياة العسكرية أو الاجتماعية في روما القديمة."
"roman-028","roman","جناح الحضارة الرومانية","تراجان ديسيوس","249-251م","واجه أول موجات اضطهاد منظم للمسيحيين. تكشف هذه القطعة عن مهارة الحرفي الروماني ودقة صناعته."
"roman-029","roman","جناح الحضارة الرومانية","رومولوس أغسطس","475-476م","آخر أباطرة روما الغربية. تشهد هذه القطعة على براعة الرومان في الهندسة والتنظيم والفنون."
"roman-030","roman","جناح الحضارة الرومانية","أغريبينا الصغرى","15-59م","إمبراطورة نافذة الكلمة، والدة نيرون. تعكس هذه القطعة نظام الحكم والإدارة الذي اشتهرت به الإمبراطورية الرومانية."
"roman-031","roman","جناح الحضارة الرومانية","الكولوسيوم","روما","أكبر مدرج مصارعين في العالم القديم. تروي هذه القطعة جانبًا من الحياة العسكرية أو الاجتماعية في روما القديمة."
"roman-032","roman","جناح الحضارة الرومانية","البانثيون الروماني","روما","معبد بقبة خرسانية غير مدعمة مذهلة. تكشف هذه القطعة عن مهارة الحرفي الروماني ودقة صناعته."
"roman-033","roman","جناح الحضارة الرومانية","المنتدى الروماني","روما","القلب السياسي والديني لروما القديمة. تشهد هذه القطعة على براعة الرومان في الهندسة والتنظيم والفنون."
"roman-034","roman","جناح الحضارة الرومانية","قوس تيتوس","روما","يخلد انتصار الرومان في حصار القدس. تعكس هذه القطعة نظام الحكم والإدارة الذي اشتهرت به الإمبراطورية الرومانية."
"roman-035","roman","جناح الحضارة الرومانية","قوس قسطنطين","روما","أضخم أقواس النصر الرومانية الباقية. تروي هذه القطعة جانبًا من الحياة العسكرية أو الاجتماعية في روما القديمة."
"roman-036","roman","جناح الحضارة الرومانية","قنوات مياه روما","روما","شبكة هندسية لنقل المياه العذبة للمدينة. تكشف هذه القطعة عن مهارة الحرفي الروماني ودقة صناعته."
"roman-037","roman","جناح الحضارة الرومانية","حمامات كاراكلا","روما","مجمع استحمام عام ضخم وفاخر. تشهد هذه القطعة على براعة الرومان في الهندسة والتنظيم والفنون."
"roman-038","roman","جناح الحضارة الرومانية","حمامات دقلديانوس ","روما","أكبر الحمامات الإمبراطورية الرومانية. تعكس هذه القطعة نظام الحكم والإدارة الذي اشتهرت به الإمبراطورية الرومانية."
"roman-039","roman","جناح الحضارة الرومانية","مسرح ماركيللوس","روما","مسرح روماني ألهم تصميم الكولوسيوم لاحقاً. تروي هذه القطعة جانبًا من الحياة العسكرية أو الاجتماعية في روما القديمة."
"roman-040","roman","جناح الحضارة الرومانية","سيرك ماكسيموس","روما","حلبة سباق العربات الأشهر في روما. تكشف هذه القطعة عن مهارة الحرفي الروماني ودقة صناعته."
"roman-041","roman","جناح الحضارة الرومانية","عمود تراجان","روما","ينقش عليه سرد حروب تراجان بالتفصيل. تشهد هذه القطعة على براعة الرومان في الهندسة والتنظيم والفنون."
"roman-042","roman","جناح الحضارة الرومانية","ضريح هادريان","روما","تحول لاحقاً إلى قلعة سانت أنجلو. تعكس هذه القطعة نظام الحكم والإدارة الذي اشتهرت به الإمبراطورية الرومانية."
"roman-043","roman","جناح الحضارة الرومانية","معبد فيستا","روما","معبد إلهة الموقد المقدس في المنتدى. تروي هذه القطعة جانبًا من الحياة العسكرية أو الاجتماعية في روما القديمة."
"roman-044","roman","جناح الحضارة الرومانية","بازيليكا ماكسنتيوس وقسطنطين","روما","أكبر مبنى في المنتدى الروماني. تكشف هذه القطعة عن مهارة الحرفي الروماني ودقة صناعته."
"roman-045","roman","جناح الحضارة الرومانية","طريق أبيا القديم","إيطاليا","أول طريق روماني ممهد كبير، يعرف بملكة الطرق. تشهد هذه القطعة على براعة الرومان في الهندسة والتنظيم والفنون."
"roman-046","roman","جناح الحضارة الرومانية","سور أوريليان","روما","سور دفاعي أحاط بالمدينة في القرن الثالث. تعكس هذه القطعة نظام الحكم والإدارة الذي اشتهرت به الإمبراطورية الرومانية."
"roman-047","roman","جناح الحضارة الرومانية","فيلا أدريانا","تيفولي","مجمع قصور ريفي فاخر للإمبراطور هادريان. تروي هذه القطعة جانبًا من الحياة العسكرية أو الاجتماعية في روما القديمة."
"roman-048","roman","جناح الحضارة الرومانية","مدينة بومبي المدفونة","إيطاليا","مدينة رومانية دفنها ثوران جبل فيزوف. تكشف هذه القطعه سكانها وهم يرتكبون الفاحشه قبل ثوران البركان "
"roman-049","roman","جناح الحضارة الرومانية","هركولانيوم","إيطاليا","مدينة رومانية أخرى طمرها نفس الثوران البركاني. تشهد هذه القطعة على براعة الرومان في الهندسة والتنظيم والفنون."
"roman-050","roman","جناح الحضارة الرومانية","مدرج فيرونا","إيطاليا","مدرج روماني لا يزال يستضيف عروضاً حتى اليوم. تعكس هذه القطعة نظام الحكم والإدارة الذي اشتهرت به الإمبراطورية الرومانية."
"roman-051","roman","جناح الحضارة الرومانية","قناة بونت دو غار المائية","فرنسا","معلم هندسي روماني مهيب فوق نهر جارون. تروي هذه القطعة جانبًا من الحياة العسكرية أو الاجتماعية في روما القديمة."
"roman-052","roman","جناح الحضارة الرومانية","مدينة ليبتس ماغنا الأثرية","ليبيا","من أفضل المدن الرومانية حفظاً في أفريقيا. تكشف هذه القطعة عن مهارة الحرفي الروماني ودقة صناعته."
"roman-053","roman","جناح الحضارة الرومانية","قوس سبتيموس سيفيروس","روما","يخلد انتصارات الإمبراطور على الفرس. تشهد هذه القطعة على براعة الرومان في الهندسة والتنظيم والفنون."
"roman-054","roman","جناح الحضارة الرومانية","مقبرة أوغسطس","روما","الضريح العائلي لأول أباطرة روما. تعكس هذه القطعة نظام الحكم والإدارة الذي اشتهرت به الإمبراطورية الرومانية."
"roman-055","roman","جناح الحضارة الرومانية","معبد أنطونيوس وفاوستينا","روما","حُوّل لاحقاً إلى كنيسة مسيحية. تروي هذه القطعة جانبًا من الحياة العسكرية أو الاجتماعية في روما القديمة."
"roman-056","roman","جناح الحضارة الرومانية","مسرح أورانج","فرنسا","أحد أفضل المسارح الرومانية حفظاً في أوروبا. تكشف هذه القطعة عن مهارة الحرفي الروماني ودقة صناعته."
"roman-057","roman","جناح الحضارة الرومانية","تمثال بروتوس البرونزي","برونز","أحد أقدم التماثيل النصفية الرومانية الواقعية. تشهد هذه القطعة على براعة الرومان في الهندسة والتنظيم والفنون."
"roman-058","roman","جناح الحضارة الرومانية","تمثال أغسطس من بريما بورتا","رخام","تمثال دعائي يجسد أغسطس كقائد منتصر. تعكس هذه القطعة نظام الحكم والإدارة الذي اشتهرت به الإمبراطورية الرومانية."
"roman-059","roman","جناح الحضارة الرومانية","نصب أرا باكيس (مذبح السلام)","رخام","يحتفل بعصر السلام الذي أرساه أغسطس. تروي هذه القطعة جانبًا من الحياة العسكرية أو الاجتماعية في روما القديمة."
"roman-060","roman","جناح الحضارة الرومانية","لوحة فسيفساء رومانية","فسيفساء","زخرفة أرضية شائعة في الفلل الرومانية. تكشف هذه القطعة عن مهارة الحرفي الروماني ودقة صناعته."
"roman-061","roman","جناح الحضارة الرومانية","درع المصارع (غلاديوس)","معدن وجلد","تجهيزات قتال مصارعي الكولوسيوم. تشهد هذه القطعة على براعة الرومان في الهندسة والتنظيم والفنون."
"roman-062","roman","جناح الحضارة الرومانية","خوذة الجندي الروماني","برونز وحديد","خوذة قتالية للفيلق الروماني. تعكس هذه القطعة نظام الحكم والإدارة الذي اشتهرت به الإمبراطورية الرومانية."
"roman-063","roman","جناح الحضارة الرومانية","سيف الجلاديوس","حديد","السيف القصير الأساسي للجندي الروماني. تروي هذه القطعة جانبًا من الحياة العسكرية أو الاجتماعية في روما القديمة."
"roman-064","roman","جناح الحضارة الرومانية","ألواح الاثني عشر القانونية","برونز","أقدم تدوين مكتوب للقانون الروماني. تكشف هذه القطعة عن مهارة الحرفي الروماني ودقة صناعته."
"roman-065","roman","جناح الحضارة الرومانية","عملة الدينار الفضي","فضة","العملة الأساسية في التداول الروماني. تشهد هذه القطعة على براعة الرومان في الهندسة والتنظيم والفنون."
"roman-066","roman","جناح الحضارة الرومانية","تمثال الذئبة الرومانية","برونز","يرمز لأسطورة تأسيس روما. تعكس هذه القطعة نظام الحكم والإدارة الذي اشتهرت به الإمبراطورية الرومانية."
"roman-067","roman","جناح الحضارة الرومانية","قناع مسرحي روماني","فخار أو خشب","استخدم في العروض المسرحية الرومانية. تروي هذه القطعة جانبًا من الحياة العسكرية أو الاجتماعية في روما القديمة."
"roman-068","roman","جناح الحضارة الرومانية","إناء زجاجي روماني","زجاج منفوخ","يعكس براعة الرومان في صناعة الزجاج. تكشف هذه القطعة عن مهارة الحرفي الروماني ودقة صناعته."
"roman-069","roman","جناح الحضارة الرومانية","تمثال فينوس الرخامي","رخام","يجسد إلهة الجمال والحب. تشهد هذه القطعة على براعة الرومان في الهندسة والتنظيم والفنون."
"roman-070","roman","جناح الحضارة الرومانية","لوح رخامي منقوش باللاتينية","رخام","نقش تذكاري أو جنائزي روماني. تعكس هذه القطعة نظام الحكم والإدارة الذي اشتهرت به الإمبراطورية الرومانية."
"roman-071","roman","جناح الحضارة الرومانية","مصباح زيت روماني","فخار","أداة إضاءة منزلية يومية. تروي هذه القطعة جانبًا من الحياة العسكرية أو الاجتماعية في روما القديمة."
"roman-072","roman","جناح الحضارة الرومانية","حلي ذهبية رومانية","ذهب وأحجار كريمة","مجوهرات فاخرة للطبقة الأرستقراطية. تكشف هذه القطعة عن مهارة الحرفي الروماني ودقة صناعته."
"roman-073","roman","جناح الحضارة الرومانية","تمثال نصفي لإمبراطور مجهول","رخام","نموذج نمطي للنحت البورتريهي الروماني. تشهد هذه القطعة على براعة الرومان في الهندسة والتنظيم والفنون."
"roman-074","roman","جناح الحضارة الرومانية","أدوات جراحية رومانية","معدن","تعكس تقدم الطب الروماني. تعكس هذه القطعة نظام الحكم والإدارة الذي اشتهرت به الإمبراطورية الرومانية."
"roman-075","roman","جناح الحضارة الرومانية","لوحة جدارية من بومبي","جص ملون","حُفظت بفضل رماد بركان فيزوف. تروي هذه القطعة جانبًا من الحياة العسكرية أو الاجتماعية في روما القديمة."
"roman-076","roman","جناح الحضارة الرومانية","تمثال أفروديت الرخامي","رخام","نسخة رومانية من نموذج إغريقي كلاسيكي. تكشف هذه القطعة عن مهارة الحرفي الروماني ودقة صناعته."
"roman-077","roman","جناح الحضارة الرومانية","إناء فخاري روماني (تيرا سيجيلاتا)","فخار أحمر لامع","نمط فخاري تجاري منتشر بالإمبراطورية. تشهد هذه القطعة على براعة الرومان في الهندسة والتنظيم والفنون."
"roman-078","roman","جناح الحضارة الرومانية","تابوت رخامي منحوت","رخام","صندوق دفن للطبقة الرومانية الثرية. تعكس هذه القطعة نظام الحكم والإدارة الذي اشتهرت به الإمبراطورية الرومانية."
"roman-079","roman","جناح الحضارة الرومانية","خريطة الطريق الرومانية (بيوتنجريانا)","نسخة من مخطوطة قديمة","توثق شبكة الطرق الإمبراطورية. تروي هذه القطعة جانبًا من الحياة العسكرية أو الاجتماعية في روما القديمة."
"roman-080","roman","جناح الحضارة الرومانية","نموذج سفينة تجارية رومانية","خشب","يعكس ازدهار التجارة البحرية الرومانية. تكشف هذه القطعة عن مهارة الحرفي الروماني ودقة صناعته."
"roman-081","roman","جناح الحضارة الرومانية","تمثال جانوس ذو الوجهين","حجر","إله البدايات والمنافذ في الميثولوجيا الرومانية. تشهد هذه القطعة على براعة الرومان في الهندسة والتنظيم والفنون."
"roman-082","roman","جناح الحضارة الرومانية","مذبح روماني منزلي صغير","حجر أو برونز","يستخدم لعبادة آلهة البيت (لاريس). تعكس هذه القطعة نظام الحكم والإدارة الذي اشتهرت به الإمبراطورية الرومانية."
"roman-083","roman","جناح الحضارة الرومانية","تمثال مينرفا","رخام","إلهة الحكمة والحرب العادلة. تروي هذه القطعة جانبًا من الحياة العسكرية أو الاجتماعية في روما القديمة."
"roman-084","roman","جناح الحضارة الرومانية","قلادة عسكرية تكريمية","برونز","تمنح للجنود تقديراً لبسالتهم. تكشف هذه القطعة عن مهارة الحرفي الروماني ودقة صناعته."
"roman-085","roman","جناح الحضارة الرومانية","مخطوطة من قانون جستنيان","ورق/رَق","أساس القانون المدني الأوروبي لاحقاً. تشهد هذه القطعة على براعة الرومان في الهندسة والتنظيم والفنون."
"roman-086","roman","جناح الحضارة الرومانية","تمثال مارس إله الحرب","برونز","يرمز للطابع العسكري في الثقافة الرومانية. تعكس هذه القطعة نظام الحكم والإدارة الذي اشتهرت به الإمبراطورية الرومانية."
"roman-087","roman","جناح الحضارة الرومانية","دبوس عباءة روماني (فيبولا)","برونز","أداة تثبيت الملابس الرومانية اليومية. تروي هذه القطعة جانبًا من الحياة العسكرية أو الاجتماعية في روما القديمة."
"roman-088","roman","جناح الحضارة الرومانية","عملة أوريوس الذهبية","ذهب","العملة الذهبية الأعلى قيمة في روما. تكشف هذه القطعة عن مهارة الحرفي الروماني ودقة صناعته."
"roman-089","roman","جناح الحضارة الرومانية","تمثال باخوس إله الخمر","رخام","يجسد إله المسرح والاحتفالات. تشهد هذه القطعة على براعة الرومان في الهندسة والتنظيم والفنون."
"roman-090","roman","جناح الحضارة الرومانية","قدح فخاري بنقوش أسطورية","فخار","يصور مشاهد من الميثولوجيا الرومانية. تعكس هذه القطعة نظام الحكم والإدارة الذي اشتهرت به الإمبراطورية الرومانية."
"roman-091","roman","جناح الحضارة الرومانية","تمثال هرقل البرونزي","برونز","بطل أسطوري شائع في الفن الروماني. تروي هذه القطعة جانبًا من الحياة العسكرية أو الاجتماعية في روما القديمة."
"roman-092","roman","جناح الحضارة الرومانية","مدرج الجرش الروماني","الأردن","مدرج محفوظ جيداً بمدينة جرش الأثرية. تكشف هذه القطعة عن مهارة الحرفي الروماني ودقة صناعته."
"roman-093","roman","جناح الحضارة الرومانية","مسرح بصرى الروماني","سوريا","مسرح بازلتي أسود نادر التصميم. تشهد هذه القطعة على براعة الرومان في الهندسة والتنظيم والفنون."
"roman-094","roman","جناح الحضارة الرومانية","أعمدة تدمر الأثرية","سوريا","شارع أعمدة تجاري في مدينة تدمر القديمة. تعكس هذه القطعة نظام الحكم والإدارة الذي اشتهرت به الإمبراطورية الرومانية."
"roman-095","roman","جناح الحضارة الرومانية","معبد بعل شمين بتدمر","سوريا","معبد روماني شرقي مهم بتدمر. تروي هذه القطعة جانبًا من الحياة العسكرية أو الاجتماعية في روما القديمة."
"roman-096","roman","جناح الحضارة الرومانية","تمثال نصفي للإمبراطور تراجان","رخام، القرن الثاني الميلادي","يصوّر أحد أعظم أباطرة روما الذين وسّعوا حدود الإمبراطورية لأقصى اتساع لها."
"roman-097","roman","جناح الحضارة الرومانية","خوذة مصارع مبارز (غلادياتور)","برونز","خوذة حماية استخدمها مقاتلو الحلبة في عروض المدرجات الرومانية الشهيرة."
"roman-098","roman","جناح الحضارة الرومانية","فسيفساء أرضية من أنطاكية","حجارة ملونة","لوحة فسيفساء رومانية زينت أرضية فيلا فاخرة، وتصوّر مشاهد أسطورية وحيوانية."
"roman-099","roman","جناح الحضارة الرومانية","عملة فضية من عهد قسطنطين","فضة مسكوكة","عملة تحمل صورة الإمبراطور قسطنطين الذي نقل عاصمة الإمبراطورية إلى القسطنطينية."
"roman-100","roman","جناح الحضارة الرومانية","مصباح زيت روماني برونزي","برونز","أداة إضاءة يومية استخدمها الرومان في منازلهم ومعابدهم، وغالبًا ما زُخرفت برموز دينية."
"islamic-001","islamic","جناح الحضارة الإسلامية","أبو بكر الصديق","الخليفة الأول","أول الخلفاء الراشدين وأقرب صحابة الرسول."
"islamic-002","islamic","جناح الحضارة الإسلامية","عمر بن الخطاب","الخليفة الثاني","وسّع الدولة الإسلامية ونظّم الدواوين. "
"islamic-003","islamic","جناح الحضارة الإسلامية","عثمان بن عفان","الخليفة الثالث","جمع القرآن الكريم في مصحف موحد. "
"islamic-004","islamic","جناح الحضارة الإسلامية","علي بن أبي طالب","الخليفة الرابع","اشتهر بحكمته وشجاعته وعلمه. "
"islamic-005","islamic","جناح الحضارة الإسلامية","معاوية بن أبي سفيان","العصر الأموي","مؤسس الدولة الأموية في دمشق. "
"islamic-006","islamic","جناح الحضارة الإسلامية","عبد الملك بن مروان","العصر الأموي","بنى قبة الصخرة ووحّد العملة الإسلامية. تعكس هذه القطعة تطور العملات  عبر العصور الإسلامية."
"islamic-007","islamic","جناح الحضارة الإسلامية","هارون الرشيد","العصر العباسي","عاصر ذروة ازدهار بغداد الحضاري.و اشتهر بحبه للعلم و العلماء "
"islamic-008","islamic","جناح الحضارة الإسلامية","المأمون","العصر العباسي","أسس بيت الحكمة لترجمة و اشتهر بكونه رائد النهضة العلمية والفكرية في العصر العباسي الذهبي، حيث شهد عهده ازدهاراً غير مسبوق في ترجمة العلوم والآداب من الحضارات اليونانية والفارسية والهندية."
"islamic-009","islamic","جناح الحضارة الإسلامية","صلاح الدين الأيوبي","العصر الأيوبي","حرر القدس واتحد ضد الحملات الصليبيه و هو واحد من أبرز القادة العسكريين والسياسيين في التاريخ الإسلامي، ومؤسس الدولة الأيوبية."
"islamic-010","islamic","جناح الحضارة الإسلامية","محمد الفاتح","الدولة العثمانية","فتح القسطنطينية عام 1453 و هو سابع سلاطين الدولة العثمانية، ويُعد أحد أعظم القادة العسكريين في التاريخ الإسلامي والعالمي، واشتهر بلقب ""الفاتح"" لنجاحه في فتح القسطنطينية عام 1453م وإنهاء الإمبراطورية البيزنطية."
"islamic-011","islamic","جناح الحضارة الإسلامية","سليمان القانوني","الدولة العثمانية","السلطان سليمان القانوني (سليمان الأول) هو عاشر سلاطين الدولة العثمانية، وصاحب أطول فترة حكم في تاريخها (46 عاماً). بلغت الدولة في عهده ذروة قوتها العسكرية، السياسية، والاقتصادية، وعُرف في الغرب باسم ""سليمان العظيم"" وفي الشرق باسم ""القانوني"" لتطويره منظومة القوانين العثمانية."
"islamic-012","islamic","جناح الحضارة الإسلامية","الظاهر بيبرس","الدولة المملوكية","الظاهر بيبرس (الملك الظاهر ركن الدين بيبرس العلائي البندقداري) هو رابع سلاطين الدولة المملوكية ومؤسسها الحقيقي، ولد عام 1223 م وتوفي في 1277 م. يُعد أحد أعظم القادة العسكريين في التاريخ الإسلامي، وحقق انتصارات حاسمة غيرت مجرى التاريخ في الشرق الأوسط."
"islamic-013","islamic","جناح الحضارة الإسلامية","السلطان قلاوون","الدولة المملوكية","الملك المنصور سيف الدين قلاوون الألفي الصالحي هو سابع سلاطين الدولة المملوكية البحرية، ومؤسس الأسرة القلاوونية التي حكمت مصر والشام لأكثر من قرن من الزمان. يُعد أحد أبرز القادة العسكريين والسياسيين في العصر المملوكي، حيث قاد معارك حاسمة لتأمين حدود الدولة الإسلامية ضد المغول والصليبيين."
"islamic-014","islamic","جناح الحضارة الإسلامية","السلطان حسن","الدولة المملوكية","صاحب أحد أعظم المساجد المملوكية و هو أحد أشهر سلاطين الدولة المملوكية البحرية، وحفيد السلطان المنصور قلاوون. ورغم أن فترتي حكمه شهدتا اضطرابات سياسية حادة، إلا أن اسمه خُلّد في التاريخ بفضل الصرح المعماري الفريد الذي يحمل اسمه في القاهرة، والذي يُصنف كأحد أعظم التحف المعمارية في العالم الإسلامي."
"islamic-015","islamic","جناح الحضارة الإسلامية","محمد علي باشا","مصر الحديثة","مؤسس مصر الحديثة ومحرك نهضتها. تروي هذه القطعة صفحة من تاريخ العلم والحضارة في العالم الإسلامي."
"islamic-016","islamic","جناح الحضارة الإسلامية","ابن سينا","علوم وطب","صاحب كتاب القانون في الطب. تبرز هذه القطعة مهارة الحرفي المسلم في الجمع بين الجمال والوظيفة."
"islamic-017","islamic","جناح الحضارة الإسلامية","ابن رشد","فلسفة","فيلسوف أندلسي فسّر أعمال أرسطو. تجسد هذه القطعة إبداع الحضارة الإسلامية في الفن والعمارة والعلوم."
"islamic-018","islamic","جناح الحضارة الإسلامية","الخوارزمي","رياضيات","أبو الجبر ومؤسس علم الخوارزميات. تعكس هذه القطعة تطور الفنون الزخرفية والخط العربي عبر العصور الإسلامية."
"islamic-019","islamic","جناح الحضارة الإسلامية","ابن الهيثم","بصريات","رائد علم البصريات والمنهج التجريبي. تروي هذه القطعة صفحة من تاريخ العلم والحضارة في العالم الإسلامي."
"islamic-020","islamic","جناح الحضارة الإسلامية","الفارابي","فلسفة","لُقب بالمعلم الثاني بعد أرسطو. تبرز هذه القطعة مهارة الحرفي المسلم في الجمع بين الجمال والوظيفة."
"islamic-021","islamic","جناح الحضارة الإسلامية","البيروني","علوم متعددة","برع في الفلك والرياضيات والجغرافيا. تجسد هذه القطعة إبداع الحضارة الإسلامية في الفن والعمارة والعلوم."
"islamic-022","islamic","جناح الحضارة الإسلامية","ابن خلدون","علم الاجتماع","مؤسس علم العمران البشري. تعكس هذه القطعة تطور الفنون الزخرفية والخط العربي عبر العصور الإسلامية."
"islamic-023","islamic","جناح الحضارة الإسلامية","جابر بن حيان","كيمياء","يُعد أبا الكيمياء العربية. تروي هذه القطعة صفحة من تاريخ العلم والحضارة في العالم الإسلامي."
"islamic-024","islamic","جناح الحضارة الإسلامية","ابن بطوطة","رحالة","طاف معظم أنحاء العالم الإسلامي والعالم القديم. تبرز هذه القطعة مهارة الحرفي المسلم في الجمع بين الجمال والوظيفة."
"islamic-025","islamic","جناح الحضارة الإسلامية","الرازي","طب وكيمياء","من أوائل من ميّز بين الجدري والحصبة. تجسد هذه القطعة إبداع الحضارة الإسلامية في الفن والعمارة والعلوم."
"islamic-026","islamic","جناح الحضارة الإسلامية","الطبري","تاريخ وتفسير","صاحب موسوعة تاريخية وتفسيرية ضخمة. تعكس هذه القطعة تطور الفنون الزخرفية والخط العربي عبر العصور الإسلامية."
"islamic-027","islamic","جناح الحضارة الإسلامية","الإمام البخاري","حديث","جمع أصح كتب الحديث النبوي. تروي هذه القطعة صفحة من تاريخ العلم والحضارة في العالم الإسلامي."
"islamic-028","islamic","جناح الحضارة الإسلامية","الإدريسي","جغرافيا","رسم خرائط عالمية دقيقة لعصره. تبرز هذه القطعة مهارة الحرفي المسلم في الجمع بين الجمال والوظيفة."
"islamic-029","islamic","جناح الحضارة الإسلامية","ثابت بن قرة","رياضيات وفلك","ترجم أعمالاً إغريقية وأضاف إليها. تجسد هذه القطعة إبداع الحضارة الإسلامية في الفن والعمارة والعلوم."
"islamic-030","islamic","جناح الحضارة الإسلامية","عمر الخيام","رياضيات وشعر","برع في الجبر والفلك والرباعيات الشعرية. تعكس هذه القطعة تطور الفنون الزخرفية والخط العربي عبر العصور الإسلامية."
"islamic-031","islamic","جناح الحضارة الإسلامية","ابن النفيس","طب","اكتشف الدورة الدموية الصغرى. تروي هذه القطعة صفحة من تاريخ العلم والحضارة في العالم الإسلامي."
"islamic-032","islamic","جناح الحضارة الإسلامية","الغزالي","فلسفة ودين","من أبرز علماء أصول الدين والفلسفة الإسلامية. تبرز هذه القطعة مهارة الحرفي المسلم في الجمع بين الجمال والوظيفة."
"islamic-033","islamic","جناح الحضارة الإسلامية","الزهراوي","طب وجراحة","أبو الجراحة الحديثة وابتكر أدوات جراحية. تجسد هذه القطعة إبداع الحضارة الإسلامية في الفن والعمارة والعلوم."
"islamic-034","islamic","جناح الحضارة الإسلامية","قبة الصخرة","القدس","من أقدم الآثار الإسلامية الباقية. تعكس هذه القطعة تطور الفنون الزخرفية والخط العربي عبر العصور الإسلامية."
"islamic-035","islamic","جناح الحضارة الإسلامية","المسجد الأقصى","القدس","أولى القبلتين وثالث الحرمين الشريفين. تروي هذه القطعة صفحة من تاريخ العلم والحضارة في العالم الإسلامي."
"islamic-036","islamic","جناح الحضارة الإسلامية","المسجد النبوي","المدينة المنورة","ثاني الحرمين الشريفين ومسجد الرسول. تبرز هذه القطعة مهارة الحرفي المسلم في الجمع بين الجمال والوظيفة."
"islamic-037","islamic","جناح الحضارة الإسلامية","المسجد الحرام","مكة المكرمة","أقدس بقعة في الإسلام ويضم الكعبة. تجسد هذه القطعة إبداع الحضارة الإسلامية في الفن والعمارة والعلوم."
"islamic-038","islamic","جناح الحضارة الإسلامية","جامع قرطبة الكبير","الأندلس","تحفة معمارية بأقواسه المزدوجة الشهيرة. تعكس هذه القطعة تطور الفنون الزخرفية والخط العربي عبر العصور الإسلامية."
"islamic-039","islamic","جناح الحضارة الإسلامية","قصر الحمراء","غرناطة","قمة العمارة الإسلامية الأندلسية. تروي هذه القطعة صفحة من تاريخ العلم والحضارة في العالم الإسلامي."
"islamic-040","islamic","جناح الحضارة الإسلامية","مسجد ومدرسة السلطان حسن","القاهرة","من أعظم نماذج العمارة المملوكية. تبرز هذه القطعة مهارة الحرفي المسلم في الجمع بين الجمال والوظيفة."
"islamic-041","islamic","جناح الحضارة الإسلامية","جامع ابن طولون","القاهرة","أقدم مسجد بالقاهرة محتفظ بشكله الأصلي. تجسد هذه القطعة إبداع الحضارة الإسلامية في الفن والعمارة والعلوم."
"islamic-042","islamic","جناح الحضارة الإسلامية","جامع الأزهر","القاهرة","أقدم جامعة إسلامية عريقة لا تزال تعمل. تعكس هذه القطعة تطور الفنون الزخرفية والخط العربي عبر العصور الإسلامية."
"islamic-043","islamic","جناح الحضارة الإسلامية","مسجد آيا صوفيا","إسطنبول","تحول من كنيسة إلى مسجد بعد الفتح. تروي هذه القطعة صفحة من تاريخ العلم والحضارة في العالم الإسلامي."
"islamic-044","islamic","جناح الحضارة الإسلامية","مسجد السلطان أحمد الأزرق","إسطنبول","اشتهر بقبابه الزرقاء وست مآذنه. تبرز هذه القطعة مهارة الحرفي المسلم في الجمع بين الجمال والوظيفة."
"islamic-045","islamic","جناح الحضارة الإسلامية","تاج محل","الهند","ضريح رخامي إسلامي بناه شاه جهان. تجسد هذه القطعة إبداع الحضارة الإسلامية في الفن والعمارة والعلوم."
"islamic-046","islamic","جناح الحضارة الإسلامية","قصر الجعفرية","سامراء","قصر عباسي فخم من العصر الذهبي. تعكس هذه القطعة تطور الفنون الزخرفية والخط العربي عبر العصور الإسلامية."
"islamic-047","islamic","جناح الحضارة الإسلامية","قلعة حلب","سوريا","حصن إسلامي عريق يتوسط مدينة حلب. تروي هذه القطعة صفحة من تاريخ العلم والحضارة في العالم الإسلامي."
"islamic-048","islamic","جناح الحضارة الإسلامية","قلعة صلاح الدين بالقاهرة","القاهرة","معلم دفاعي وإداري بناه صلاح الدين. تبرز هذه القطعة مهارة الحرفي المسلم في الجمع بين الجمال والوظيفة."
"islamic-049","islamic","جناح الحضارة الإسلامية","مئذنة سامراء الملوية","العراق","مئذنة حلزونية فريدة الشكل. تجسد هذه القطعة إبداع الحضارة الإسلامية في الفن والعمارة والعلوم."
"islamic-050","islamic","جناح الحضارة الإسلامية","أسوار القدس القديمة","القدس","حصّنت المدينة عبر العصور الإسلامية. تعكس هذه القطعة تطور الفنون الزخرفية والخط العربي عبر العصور الإسلامية."
"islamic-051","islamic","جناح الحضارة الإسلامية","خان الخليلي","القاهرة","سوق تجاري تاريخي من العصر المملوكي. تروي هذه القطعة صفحة من تاريخ العلم والحضارة في العالم الإسلامي."
"islamic-052","islamic","جناح الحضارة الإسلامية","وكالة الغوري","القاهرة","مبنى تجاري وثقافي مملوكي مميز. تبرز هذه القطعة مهارة الحرفي المسلم في الجمع بين الجمال والوظيفة."
"islamic-053","islamic","جناح الحضارة الإسلامية","سبيل محمد علي","القاهرة","سبيل مياه عثماني بزخارف فاخرة. تجسد هذه القطعة إبداع الحضارة الإسلامية في الفن والعمارة والعلوم."
"islamic-054","islamic","جناح الحضارة الإسلامية","المدرسة المستنصرية","بغداد","من أقدم الجامعات في العالم الإسلامي. تعكس هذه القطعة تطور الفنون الزخرفية والخط العربي عبر العصور الإسلامية."
"islamic-055","islamic","جناح الحضارة الإسلامية","حصن باب زويلة","القاهرة","إحدى بوابات القاهرة الفاطمية الثلاث. تروي هذه القطعة صفحة من تاريخ العلم والحضارة في العالم الإسلامي."
"islamic-056","islamic","جناح الحضارة الإسلامية","جامع الزيتونة","تونس","من أقدم وأعرق جوامع المغرب العربي. تبرز هذه القطعة مهارة الحرفي المسلم في الجمع بين الجمال والوظيفة."
"islamic-057","islamic","جناح الحضارة الإسلامية","جامع القيروان الكبير","تونس","أقدم مسجد في شمال أفريقيا. تجسد هذه القطعة إبداع الحضارة الإسلامية في الفن والعمارة والعلوم."
"islamic-058","islamic","جناح الحضارة الإسلامية","قصر الحير الغربي","سوريا","قصر أموي صحراوي فخم. تعكس هذه القطعة تطور الفنون الزخرفية والخط العربي عبر العصور الإسلامية."
"islamic-059","islamic","جناح الحضارة الإسلامية","مصحف عثماني قديم","رَق ومداد ذهبي","نسخة مبكرة من القرآن الكريم. تروي هذه القطعة صفحة من تاريخ العلم والحضارة في العالم الإسلامي."
"islamic-060","islamic","جناح الحضارة الإسلامية","لوحة خط بالثلث","حبر وذهب","نموذج راقٍ من فنون الخط العربي. تبرز هذه القطعة مهارة الحرفي المسلم في الجمع بين الجمال والوظيفة."
"islamic-061","islamic","جناح الحضارة الإسلامية","لوحة خط كوفي مزخرف","حجر أو خشب","أقدم أنواع الخطوط العربية المستخدمة. تجسد هذه القطعة إبداع الحضارة الإسلامية في الفن والعمارة والعلوم."
"islamic-062","islamic","جناح الحضارة الإسلامية","مشكاة مسجد زجاجية","زجاج مطلي بالمينا","تضيء صحن المساجد المملوكية. تعكس هذه القطعة تطور الفنون الزخرفية والخط العربي عبر العصور الإسلامية."
"islamic-063","islamic","جناح الحضارة الإسلامية","سجادة صلاة مزخرفة","صوف وحرير","تحمل زخارف هندسية ونباتية دقيقة. تروي هذه القطعة صفحة من تاريخ العلم والحضارة في العالم الإسلامي."
"islamic-064","islamic","جناح الحضارة الإسلامية","إسطرلاب فلكي","نحاس","أداة إسلامية لتحديد المواقع الفلكية. تبرز هذه القطعة مهارة الحرفي المسلم في الجمع بين الجمال والوظيفة."
"islamic-065","islamic","جناح الحضارة الإسلامية","مزولة شمسية إسلامية","حجر ونحاس","لتحديد أوقات الصلاة بدقة. تجسد هذه القطعة إبداع الحضارة الإسلامية في الفن والعمارة والعلوم."
"islamic-066","islamic","جناح الحضارة الإسلامية","مبخرة نحاسية مزخرفة","نحاس مطعّم بالفضة","استخدمت في المناسبات والمجالس. تعكس هذه القطعة تطور الفنون الزخرفية والخط العربي عبر العصور الإسلامية."
"islamic-067","islamic","جناح الحضارة الإسلامية","صندوق خشبي مطعم بالصدف","خشب وصدف","فن الأرابيسك في الأثاث الإسلامي. تروي هذه القطعة صفحة من تاريخ العلم والحضارة في العالم الإسلامي."
"islamic-068","islamic","جناح الحضارة الإسلامية","إناء خزفي بزخرفة نباتية","خزف","يعكس تطور صناعة الخزف الإسلامي. تبرز هذه القطعة مهارة الحرفي المسلم في الجمع بين الجمال والوظيفة."
"islamic-069","islamic","جناح الحضارة الإسلامية","قنديل مسجد نحاسي","نحاس وزجاج","يستخدم لإضاءة المساجد ليلاً. تجسد هذه القطعة إبداع الحضارة الإسلامية في الفن والعمارة والعلوم."
"islamic-070","islamic","جناح الحضارة الإسلامية","مخطوطة طبية بخط اليد","ورق ومداد","توثق إسهامات الطب الإسلامي. تعكس هذه القطعة تطور الفنون الزخرفية والخط العربي عبر العصور الإسلامية."
"islamic-071","islamic","جناح الحضارة الإسلامية","أسطوانة فلكية (كرة سماوية)","نحاس","توضح مواقع النجوم والأبراج. تروي هذه القطعة صفحة من تاريخ العلم والحضارة في العالم الإسلامي."
"islamic-072","islamic","جناح الحضارة الإسلامية","سيف دمشقي مزخرف","فولاذ دمشقي","اشتهر بمتانته وزخارفه الدقيقة. تبرز هذه القطعة مهارة الحرفي المسلم في الجمع بين الجمال والوظيفة."
"islamic-073","islamic","جناح الحضارة الإسلامية","درع مملوكي مزخرف","معدن","تجهيز عسكري من العصر المملوكي. تجسد هذه القطعة إبداع الحضارة الإسلامية في الفن والعمارة والعلوم."
"islamic-074","islamic","جناح الحضارة الإسلامية","قارورة عطر زجاجية إسلامية","زجاج ملون","تعكس براعة صناعة الزجاج الإسلامي. تعكس هذه القطعة تطور الفنون الزخرفية والخط العربي عبر العصور الإسلامية."
"islamic-075","islamic","جناح الحضارة الإسلامية","لوح خشبي بزخرفة الأرابيسك","خشب منحوت","نمط زخرفي نباتي متكرر بلا نهاية. تروي هذه القطعة صفحة من تاريخ العلم والحضارة في العالم الإسلامي."
"islamic-076","islamic","جناح الحضارة الإسلامية","عملة ذهبية أموية (دينار)","ذهب","أول عملة إسلامية موحدة. تبرز هذه القطعة مهارة الحرفي المسلم في الجمع بين الجمال والوظيفة."
"islamic-077","islamic","جناح الحضارة الإسلامية","عملة فضية عباسية (درهم)","فضة","عملة التداول الرئيسية في العصر العباسي. تجسد هذه القطعة إبداع الحضارة الإسلامية في الفن والعمارة والعلوم."
"islamic-078","islamic","جناح الحضارة الإسلامية","مبخرة على شكل طائر","برونز مذهّب","قطعة فنية فاخرة من الفن الإسلامي. تعكس هذه القطعة تطور الفنون الزخرفية والخط العربي عبر العصور الإسلامية."
"islamic-079","islamic","جناح الحضارة الإسلامية","طبق نحاسي مموّه بالذهب","نحاس وذهب","تحفة فنية من صناعة الموصل الشهيرة. تروي هذه القطعة صفحة من تاريخ العلم والحضارة في العالم الإسلامي."
"islamic-080","islamic","جناح الحضارة الإسلامية","مخطوطة مقامات الحريري","ورق ومداد ملون","عمل أدبي مصوّر شهير. تبرز هذه القطعة مهارة الحرفي المسلم في الجمع بين الجمال والوظيفة."
"islamic-081","islamic","جناح الحضارة الإسلامية","ساعة مائية إسلامية","نحاس","آلية هندسية لقياس الوقت. تجسد هذه القطعة إبداع الحضارة الإسلامية في الفن والعمارة والعلوم."
"islamic-082","islamic","جناح الحضارة الإسلامية","خزانة كتب خشبية مزخرفة","خشب","لحفظ المخطوطات في المكتبات الإسلامية. تعكس هذه القطعة تطور الفنون الزخرفية والخط العربي عبر العصور الإسلامية."
"islamic-083","islamic","جناح الحضارة الإسلامية","تحفة معدنية بخط الطغراء","معدن منقوش","توقيع رسمي فني للسلاطين العثمانيين. تروي هذه القطعة صفحة من تاريخ العلم والحضارة في العالم الإسلامي."
"islamic-084","islamic","جناح الحضارة الإسلامية","طارق بن زياد","الفتح الإسلامي للأندلس","قائد عسكري فتح الأندلس و بأمر من موسى بن نصير والي أفريقية في عهد الخليفة الأموي الوليد بن عبد الملك. يُعد طارق بن زياد أحد أشهر القادة العسكريين في التاريخ، وإليه يُنسب اسم ""جبل طارق"" والمضيق البحري الذي يربط بين البحر الأبيض المتوسط والمحيط الأطلسي."
"islamic-085","islamic","جناح الحضارة الإسلامية","عمرو بن العاص","الفتح الإسلامي لمصر","القائد الذي فتح مصر وبنى الفسطاطو من أشراف قريش أسلم في العام الثامن للهجرة وقاد جيوش المسلمين في فتوحات الشام ثم توجه إلى مصر ففتحها وأصبح أول وال مسلم عليها حيث بنى مدينة الفسطاط وأسس جامعه الشهير وترك أثرا تاريخيا كبيرا حتى وفاته بها"
"islamic-086","islamic","جناح الحضارة الإسلامية","خالد بن الوليد","صدر الإسلام","قائد عسكري لُقب بسيف الله المسلول. تعكس هذه القطعة تطور الفنون الزخرفية والخط العربي عبر العصور الإسلامية."
"islamic-087","islamic","جناح الحضارة الإسلامية","نور الدين زنكي","العصر الزنكي","وحّد الشام تمهيداً لتحرير القدس. تروي هذه القطعة صفحة من تاريخ العلم والحضارة في العالم الإسلامي."
"islamic-088","islamic","جناح الحضارة الإسلامية","قطز","الدولة المملوكية","قاد المماليك للانتصار في عين جالوت. تبرز هذه القطعة مهارة الحرفي المسلم في الجمع بين الجمال والوظيفة."
"islamic-089","islamic","جناح الحضارة الإسلامية","ابن عربي","التصوف الإسلامي","من أبرز أعلام التصوف الفلسفي. تجسد هذه القطعة إبداع الحضارة الإسلامية في الفن والعمارة والعلوم."
"islamic-090","islamic","جناح الحضارة الإسلامية","جامع سيدي عقبة بالقيروان","تونس","يُعرف أيضاً بجامع القيروان الكبير المؤسس. تعكس هذه القطعة تطور الفنون الزخرفية والخط العربي عبر العصور الإسلامية."
"islamic-091","islamic","جناح الحضارة الإسلامية","مشكاة زجاجية مملوكية مذهبة","العصر المملوكي","مصباح زجاجي كان يُعلّق في المساجد، ويُزخرف بالكتابات الذهبية والزجاج المطلي بالمينا."
"islamic-092","islamic","جناح الحضارة الإسلامية","صندوق خشبي مطعم بالصدف","خشب وصدف","صندوق تخزين فاخر تعكس زخارفه الهندسية الدقيقة مهارة النجار المسلم في التطعيم."
"islamic-093","islamic","جناح الحضارة الإسلامية","سجادة صلاة عثمانية منسوجة","صوف وحرير","سجادة تقليدية زُخرفت بمحراب منسوج، واستُخدمت لأداء الصلاة في المساجد والمنازل."
"islamic-094","islamic","جناح الحضارة الإسلامية","إبريق نحاسي مطعم بالفضة","الطراز المملوكي","إبريق فاخر يجمع بين الوظيفة اليومية والزخرفة الفنية الدقيقة بخيوط الفضة المطعّمة."
"islamic-095","islamic","جناح الحضارة الإسلامية","لوح خط كوفي مذهّب من القرآن الكريم","العصر العباسي","صفحة مخطوطة بخط كوفي مبكر مذهّب الحروف، من أوائل مصاحف الخط العربي المزخرف."
"islamic-096","islamic","جناح الحضارة الإسلامية","أسطرلاب فلكي إسلامي","برونز","أداة فلكية استخدمها العلماء المسلمون لحساب مواقيت الصلاة واتجاه القبلة ورصد النجوم."
"islamic-097","islamic","جناح الحضارة الإسلامية","بلاطة خزفية من إزنيق التركية","خزف مزجج","بلاطة زخرفية بألوان زاهية وزهور نباتية، من أشهر منتجات مراكز الخزف العثمانية."
"islamic-098","islamic","جناح الحضارة الإسلامية","مبخرة نحاسية مخرّمة أندلسية","نحاس مخروم","مبخرة فنية استُخدمت لتعطير المجالس، وتُظهر دقة الزخرفة الهندسية الأندلسية."
"islamic-099","islamic","جناح الحضارة الإسلامية","مصحف مملوكي مذهب الأطراف","ورق ومداد ذهبي","مصحف فاخر زُخرفت هوامشه بزخارف نباتية ذهبية، يعكس ازدهار فن التذهيب المملوكي."
"islamic-100","islamic","جناح الحضارة الإسلامية","لوح مشربية خشبية منقوشة","خشب الأرابيسك","قطعة من نافذة خشبية مشبّكة كانت تُستخدم للتهوية وحجب الرؤية في المنازل التقليدية."
"greek-001","greek","جناح الحضارة اليونانية","سقراط","470-399 ق.م","أرسى أسس المنطق والحوار الفلسفي. تعكس هذه القطعة إسهام الحضارة اليونانية في الفلسفة والفن والعلوم."
"greek-002","greek","جناح الحضارة اليونانية","أفلاطون","428-348 ق.م","تلميذ سقراط ومؤسس الأكاديمية بأثينا. تروي هذه القطعة جانبًا من ازدهار الفكر والفن في بلاد الإغريق."
"greek-003","greek","جناح الحضارة اليونانية","أرسطو","384-322 ق.م","معلم الإسكندر الأكبر ومؤسس المنطق الصوري. تجسّد هذه القطعة مثالية الجمال التي سعى إليها الفنان اليوناني القديم."
"greek-004","greek","جناح الحضارة اليونانية","الإسكندر الأكبر","356-323 ق.م","وسّع حدود العالم اليوناني حتى الهند. تكشف هذه القطعة عن عمق تأثير الحضارة اليونانية في الفكر الإنساني."
"greek-005","greek","جناح الحضارة اليونانية","بريكليس","495-429 ق.م","قائد أثينا في عصرها الذهبي الديمقراطي. تعكس هذه القطعة إسهام الحضارة اليونانية في الفلسفة والفن والعلوم."
"greek-006","greek","جناح الحضارة اليونانية","هوميروس","نحو القرن الثامن ق.م","شاعر ملحمتي الإلياذة والأوديسة. تروي هذه القطعة جانبًا من ازدهار الفكر والفن في بلاد الإغريق."
"greek-007","greek","جناح الحضارة اليونانية","هيرودوت","484-425 ق.م","يُلقب بأبي التاريخ. تجسّد هذه القطعة مثالية الجمال التي سعى إليها الفنان اليوناني القديم."
"greek-008","greek","جناح الحضارة اليونانية","أرخميدس","287-212 ق.م","عالم رياضيات وفيزياء من سيراكيوز. تكشف هذه القطعة عن عمق تأثير الحضارة اليونانية في الفكر الإنساني."
"greek-009","greek","جناح الحضارة اليونانية","إقليدس","نحو 300 ق.م","أبو الهندسة الرياضية الكلاسيكية. تعكس هذه القطعة إسهام الحضارة اليونانية في الفلسفة والفن والعلوم."
"greek-010","greek","جناح الحضارة اليونانية","فيثاغورس","570-495 ق.م","اشتهر بنظرية المثلث القائم الزاوية. تروي هذه القطعة جانبًا من ازدهار الفكر والفن في بلاد الإغريق."
"greek-011","greek","جناح الحضارة اليونانية","أبقراط","460-370 ق.م","أبو الطب الحديث وصاحب القسم الطبي. تجسّد هذه القطعة مثالية الجمال التي سعى إليها الفنان اليوناني القديم."
"greek-012","greek","جناح الحضارة اليونانية","سولون","638-558 ق.م","مشرّع أثيني أرسى أسس الإصلاح الديمقراطي. تكشف هذه القطعة عن عمق تأثير الحضارة اليونانية في الفكر الإنساني."
"greek-013","greek","جناح الحضارة اليونانية","ليونيداس الأول","القرن الخامس ق.م","قاد الإسبرطيين في معركة ثيرموبيلاي. تعكس هذه القطعة إسهام الحضارة اليونانية في الفلسفة والفن والعلوم."
"greek-014","greek","جناح الحضارة اليونانية","ثوقيديدس","460-400 ق.م","مؤرخ الحرب البيلوبونيسية. تروي هذه القطعة جانبًا من ازدهار الفكر والفن في بلاد الإغريق."
"greek-015","greek","جناح الحضارة اليونانية","سوفوكليس","497-406 ق.م","كاتب مسرحي تراجيدي كبير. تجسّد هذه القطعة مثالية الجمال التي سعى إليها الفنان اليوناني القديم."
"greek-016","greek","جناح الحضارة اليونانية","فيدياس","480-430 ق.م","نحات تمثال زيوس بأوليمبيا. تكشف هذه القطعة عن عمق تأثير الحضارة اليونانية في الفكر الإنساني."
"greek-017","greek","جناح الحضارة اليونانية","ديموسثينس","384-322 ق.م","أشهر خطباء أثينا القديمة. تعكس هذه القطعة إسهام الحضارة اليونانية في الفلسفة والفن والعلوم."
"greek-018","greek","جناح الحضارة اليونانية","زينون الرواقي","334-262 ق.م","مؤسس الفلسفة الرواقية. تروي هذه القطعة جانبًا من ازدهار الفكر والفن في بلاد الإغريق."
"greek-019","greek","جناح الحضارة اليونانية","سافو","القرن السابع ق.م","شاعرة إغريقية بارزة من جزيرة ليسبوس. تجسّد هذه القطعة مثالية الجمال التي سعى إليها الفنان اليوناني القديم."
"greek-020","greek","جناح الحضارة اليونانية","بطليموس الفلكي","100-170م","فلكي إغريقي وضع نموذجاً مركزياً للأرض. تكشف هذه القطعة عن عمق تأثير الحضارة اليونانية في الفكر الإنساني."
"greek-021","greek","جناح الحضارة اليونانية","معبد البارثينون","أثينا","أشهر معابد الأكروبوليس، مخصص للإلهة أثينا. تعكس هذه القطعة إسهام الحضارة اليونانية في الفلسفة والفن والعلوم."
"greek-022","greek","جناح الحضارة اليونانية","الأكروبوليس","أثينا","الهضبة المقدسة التي تعلوها معابد أثينا. تروي هذه القطعة جانبًا من ازدهار الفكر والفن في بلاد الإغريق."
"greek-023","greek","جناح الحضارة اليونانية","معبد زيوس الأولمبي","أثينا","من أكبر المعابد في العالم اليوناني القديم. تجسّد هذه القطعة مثالية الجمال التي سعى إليها الفنان اليوناني القديم."
"greek-024","greek","جناح الحضارة اليونانية","مسرح ديونيسوس","أثينا","أقدم مسرح إغريقي يُقام فيه المهرجانات الدرامية. تكشف هذه القطعة عن عمق تأثير الحضارة اليونانية في الفكر الإنساني."
"greek-025","greek","جناح الحضارة اليونانية","مسرح أبيدوروس","أبيدوروس","اشتهر بصوتياته الهندسية المذهلة. تعكس هذه القطعة إسهام الحضارة اليونانية في الفلسفة والفن والعلوم."
"greek-026","greek","جناح الحضارة اليونانية","معبد أبولو في دلفي","دلفي","موطن أشهر عرّافة في العالم القديم. تروي هذه القطعة جانبًا من ازدهار الفكر والفن في بلاد الإغريق."
"greek-027","greek","جناح الحضارة اليونانية","ملعب أولمبيا القديم","أوليمبيا","مهد الألعاب الأولمبية القديمة. تجسّد هذه القطعة مثالية الجمال التي سعى إليها الفنان اليوناني القديم."
"greek-028","greek","جناح الحضارة اليونانية","معبد هيرا في أوليمبيا","أوليمبيا","أحد أقدم المعابد اليونانية الباقية. تكشف هذه القطعة عن عمق تأثير الحضارة اليونانية في الفكر الإنساني."
"greek-029","greek","جناح الحضارة اليونانية","قلعة ميسينا (بوابة الأسود)","ميسينا","بقايا حضارة ميسينية عريقة. تعكس هذه القطعة إسهام الحضارة اليونانية في الفلسفة والفن والعلوم."
"greek-030","greek","جناح الحضارة اليونانية","جزيرة ديلوس المقدسة","بحر إيجة","مركز ديني وتجاري يوناني قديم. تروي هذه القطعة جانبًا من ازدهار الفكر والفن في بلاد الإغريق."
"greek-031","greek","جناح الحضارة اليونانية","مسرح إبيكتيتوس بأثينا","أثينا","استضاف أعمال المسرحيين الكبار. تجسّد هذه القطعة مثالية الجمال التي سعى إليها الفنان اليوناني القديم."
"greek-032","greek","جناح الحضارة اليونانية","منارة الإسكندرية","الإسكندرية","بناها الإغريق البطالمة، إحدى عجائب الدنيا. تكشف هذه القطعة عن عمق تأثير الحضارة اليونانية في الفكر الإنساني."
"greek-033","greek","جناح الحضارة اليونانية","مكتبة الإسكندرية القديمة","الإسكندرية","أعظم مكتبة في العالم القديم. تعكس هذه القطعة إسهام الحضارة اليونانية في الفلسفة والفن والعلوم."
"greek-034","greek","جناح الحضارة اليونانية","معبد أرتميس في أفسس","أفسس","إحدى عجائب الدنيا السبع القديمة. تروي هذه القطعة جانبًا من ازدهار الفكر والفن في بلاد الإغريق."
"greek-035","greek","جناح الحضارة اليونانية","تمثال رودس العملاق","جزيرة رودس","تمثال برونزي ضخم لإله الشمس هيليوس. تجسّد هذه القطعة مثالية الجمال التي سعى إليها الفنان اليوناني القديم."
"greek-036","greek","جناح الحضارة اليونانية","تمثال زيوس في أوليمبيا","ذهب وعاج","إحدى عجائب الدنيا السبع القديمة. تكشف هذه القطعة عن عمق تأثير الحضارة اليونانية في الفكر الإنساني."
"greek-037","greek","جناح الحضارة اليونانية","تمثال أفروديت دي ميلو","رخام","من أشهر تماثيل النحت الإغريقي الكلاسيكي. تعكس هذه القطعة إسهام الحضارة اليونانية في الفلسفة والفن والعلوم."
"greek-038","greek","جناح الحضارة اليونانية","تمثال ديسكوبولوس (رامي القرص)","برونز/رخام","يجسد مثالية الجسد الرياضي اليوناني. تروي هذه القطعة جانبًا من ازدهار الفكر والفن في بلاد الإغريق."
"greek-039","greek","جناح الحضارة اليونانية","فخارية بشكل أمفورا","فخار مزخرف بالأسود والأحمر","إناء تخزين يصور مشاهد أسطورية. تجسّد هذه القطعة مثالية الجمال التي سعى إليها الفنان اليوناني القديم."
"greek-040","greek","جناح الحضارة اليونانية","قناع أغاممنون الذهبي","ذهب","قناع جنائزي من حضارة ميسينا. تكشف هذه القطعة عن عمق تأثير الحضارة اليونانية في الفكر الإنساني."
"greek-041","greek","جناح الحضارة اليونانية","درع الهوبليت اليوناني","برونز وخشب","تُرس المشاة اليونانيين الثقيلة. تعكس هذه القطعة إسهام الحضارة اليونانية في الفلسفة والفن والعلوم."
"greek-042","greek","جناح الحضارة اليونانية","خوذة كورنثية برونزية","برونز","خوذة قتالية مميزة الشكل. تروي هذه القطعة جانبًا من ازدهار الفكر والفن في بلاد الإغريق."
"greek-043","greek","جناح الحضارة اليونانية","عملة أثينية بصورة البومة","فضة","رمزت لإلهة الحكمة أثينا. تجسّد هذه القطعة مثالية الجمال التي سعى إليها الفنان اليوناني القديم."
"greek-044","greek","جناح الحضارة اليونانية","تمثال هرمس لبراكسيتيليس","رخام","تحفة كلاسيكية لنحات إغريقي شهير. تكشف هذه القطعة عن عمق تأثير الحضارة اليونانية في الفكر الإنساني."
"greek-045","greek","جناح الحضارة اليونانية","لوح فخاري بمشهد أولمبي","فخار","يصور مسابقات الألعاب الأولمبية القديمة. تعكس هذه القطعة إسهام الحضارة اليونانية في الفلسفة والفن والعلوم."
"greek-046","greek","جناح الحضارة اليونانية","تمثال نايكي (ربة النصر)","رخام","يجسد آلهة النصر المجنّحة. تروي هذه القطعة جانبًا من ازدهار الفكر والفن في بلاد الإغريق."
"greek-047","greek","جناح الحضارة اليونانية","قيثارة إغريقية (ليرا)","خشب وأوتار","آلة موسيقية مرتبطة بالفنون والشعر. تجسّد هذه القطعة مثالية الجمال التي سعى إليها الفنان اليوناني القديم."
"greek-048","greek","جناح الحضارة اليونانية","قناع مسرحي تراجيدي","فخار أو خشب","استخدم في المسرح الإغريقي الكلاسيكي. تكشف هذه القطعة عن عمق تأثير الحضارة اليونانية في الفكر الإنساني."
"greek-049","greek","جناح الحضارة اليونانية","تمثال أثينا بارثينوس","ذهب وعاج","تمثال ضخم كان بداخل البارثينون. تعكس هذه القطعة إسهام الحضارة اليونانية في الفلسفة والفن والعلوم."
"greek-050","greek","جناح الحضارة اليونانية","لوح رخامي بنقش فلسفي","رخام","يسجل مقولات أو قوانين مدينة يونانية. تروي هذه القطعة جانبًا من ازدهار الفكر والفن في بلاد الإغريق."
"greek-051","greek","جناح الحضارة اليونانية","جرة فخارية بأسلوب الشكل الأسود","فخار","تقنية زخرفة فخارية إغريقية مبكرة. تجسّد هذه القطعة مثالية الجمال التي سعى إليها الفنان اليوناني القديم."
"greek-052","greek","جناح الحضارة اليونانية","تمثال أبولو بلفيدير","رخام","يجسد إله الشمس والفنون والجمال. تكشف هذه القطعة عن عمق تأثير الحضارة اليونانية في الفكر الإنساني."
"greek-053","greek","جناح الحضارة اليونانية","عمود دوري من معبد إغريقي","رخام","طراز معماري بسيط وقوي الخطوط. تعكس هذه القطعة إسهام الحضارة اليونانية في الفلسفة والفن والعلوم."
"greek-054","greek","جناح الحضارة اليونانية","تاج زيتون أولمبي","أوراق زيتون ذهبية","جائزة الفائزين في الألعاب الأولمبية القديمة. تروي هذه القطعة جانبًا من ازدهار الفكر والفن في بلاد الإغريق."
"greek-055","greek","جناح الحضارة اليونانية","لوح فلكي من أنتيكيثيرا","برونز","أقدم حاسوب تناظري فلكي معروف. تجسّد هذه القطعة مثالية الجمال التي سعى إليها الفنان اليوناني القديم."
"greek-056","greek","جناح الحضارة اليونانية","طاليس","624-546 ق.م","يُعد أول فيلسوف إغريقي معروف. تكشف هذه القطعة عن عمق تأثير الحضارة اليونانية في الفكر الإنساني."
"greek-057","greek","جناح الحضارة اليونانية","أنكسيمندر","610-546 ق.م","فيلسوف طبيعي مبكر من مدرسة ميليتوس. تعكس هذه القطعة إسهام الحضارة اليونانية في الفلسفة والفن والعلوم."
"greek-058","greek","جناح الحضارة اليونانية","هيراقليطس","535-475 ق.م","اشتهر بمقولة 'لا أحد يعبر النهر مرتين'. تروي هذه القطعة جانبًا من ازدهار الفكر والفن في بلاد الإغريق."
"greek-059","greek","جناح الحضارة اليونانية","ديمقريطس","460-370 ق.م","من أوائل من طرحوا فكرة الذرة. تجسّد هذه القطعة مثالية الجمال التي سعى إليها الفنان اليوناني القديم."
"greek-060","greek","جناح الحضارة اليونانية","أناكساغوراس","500-428 ق.م","فيلسوف طبيعي أثّر في الفكر الأثيني. تكشف هذه القطعة عن عمق تأثير الحضارة اليونانية في الفكر الإنساني."
"greek-061","greek","جناح الحضارة اليونانية","ديوجين","412-323 ق.م","فيلسوف كلبي عُرف بزهده الشديد. تعكس هذه القطعة إسهام الحضارة اليونانية في الفلسفة والفن والعلوم."
"greek-062","greek","جناح الحضارة اليونانية","أبيقور","341-270 ق.م","مؤسس المدرسة الأبيقورية في الفلسفة. تروي هذه القطعة جانبًا من ازدهار الفكر والفن في بلاد الإغريق."
"greek-063","greek","جناح الحضارة اليونانية","بلوتارخ","46-120م","مؤرخ كتب سِيَر الرجال العظام. تجسّد هذه القطعة مثالية الجمال التي سعى إليها الفنان اليوناني القديم."
"greek-064","greek","جناح الحضارة اليونانية","أريستوفانيس","446-386 ق.م","أشهر كتّاب الكوميديا الإغريقية. تكشف هذه القطعة عن عمق تأثير الحضارة اليونانية في الفكر الإنساني."
"greek-065","greek","جناح الحضارة اليونانية","يوربيديس","480-406 ق.م","أحد كبار كتّاب التراجيديا اليونانية. تعكس هذه القطعة إسهام الحضارة اليونانية في الفلسفة والفن والعلوم."
"greek-066","greek","جناح الحضارة اليونانية","إسخيلوس","525-456 ق.م","يُعد أبا المسرح التراجيدي الإغريقي. تروي هذه القطعة جانبًا من ازدهار الفكر والفن في بلاد الإغريق."
"greek-067","greek","جناح الحضارة اليونانية","بندار","518-438 ق.م","شاعر إغريقي اشتهر بقصائد تكريم الأبطال الأولمبيين. تجسّد هذه القطعة مثالية الجمال التي سعى إليها الفنان اليوناني القديم."
"greek-068","greek","جناح الحضارة اليونانية","زينوفون","430-354 ق.م","مؤرخ وقائد عسكري إغريقي. تكشف هذه القطعة عن عمق تأثير الحضارة اليونانية في الفكر الإنساني."
"greek-069","greek","جناح الحضارة اليونانية","بوليبيوس","200-118 ق.م","مؤرخ يوناني وثّق صعود روما. تعكس هذه القطعة إسهام الحضارة اليونانية في الفلسفة والفن والعلوم."
"greek-070","greek","جناح الحضارة اليونانية","سترابون","64 ق.م-24م","جغرافي إغريقي صاحب موسوعة جغرافية شاملة. تروي هذه القطعة جانبًا من ازدهار الفكر والفن في بلاد الإغريق."
"greek-071","greek","جناح الحضارة اليونانية","إراتوستينس","276-194 ق.م","حسب محيط الأرض بدقة مذهلة لعصره. تجسّد هذه القطعة مثالية الجمال التي سعى إليها الفنان اليوناني القديم."
"greek-072","greek","جناح الحضارة اليونانية","هيباركوس","190-120 ق.م","فلكي وضع أسس علم المثلثات. تكشف هذه القطعة عن عمق تأثير الحضارة اليونانية في الفكر الإنساني."
"greek-073","greek","جناح الحضارة اليونانية","ثيوفراستوس","371-287 ق.م","تلميذ أرسطو ومؤسس علم النبات. تعكس هذه القطعة إسهام الحضارة اليونانية في الفلسفة والفن والعلوم."
"greek-074","greek","جناح الحضارة اليونانية","بوليكليتوس","القرن الخامس ق.م","نحات وضع قواعد التناسب المثالي للجسد. تروي هذه القطعة جانبًا من ازدهار الفكر والفن في بلاد الإغريق."
"greek-075","greek","جناح الحضارة اليونانية","مايرون","القرن الخامس ق.م","نحات اشتهر بتمثال رامي القرص. تجسّد هذه القطعة مثالية الجمال التي سعى إليها الفنان اليوناني القديم."
"greek-076","greek","جناح الحضارة اليونانية","معبد بوسيدون في سونيون","اليونان","معبد ساحلي مطل على بحر إيجة. تكشف هذه القطعة عن عمق تأثير الحضارة اليونانية في الفكر الإنساني."
"greek-077","greek","جناح الحضارة اليونانية","معبد هيفايستوس","أثينا","من أفضل المعابد الدورية حفظاً. تعكس هذه القطعة إسهام الحضارة اليونانية في الفلسفة والفن والعلوم."
"greek-078","greek","جناح الحضارة اليونانية","الإريخثيون","أثينا","معبد بأعمدة على هيئة عذارى (كارياتيد). تروي هذه القطعة جانبًا من ازدهار الفكر والفن في بلاد الإغريق."
"greek-079","greek","جناح الحضارة اليونانية","رواق أتالوس","أثينا","سوق مسقوف أعيد بناؤه في أثينا القديمة. تجسّد هذه القطعة مثالية الجمال التي سعى إليها الفنان اليوناني القديم."
"greek-080","greek","جناح الحضارة اليونانية","قصر كنوسوس","جزيرة كريت","مركز الحضارة المينوية الأسطورية. تكشف هذه القطعة عن عمق تأثير الحضارة اليونانية في الفكر الإنساني."
"greek-081","greek","جناح الحضارة اليونانية","برج الرياح","أثينا","صرح فلكي وساعة مائية إغريقية قديمة. تعكس هذه القطعة إسهام الحضارة اليونانية في الفلسفة والفن والعلوم."
"greek-082","greek","جناح الحضارة اليونانية","معبد أبولو في باساي","اليونان","معبد جبلي نادر التصميم المعماري. تروي هذه القطعة جانبًا من ازدهار الفكر والفن في بلاد الإغريق."
"greek-083","greek","جناح الحضارة اليونانية","معبد أسكليبيوس في أبيدوروس","اليونان","مركز شفاء ديني إغريقي شهير. تجسّد هذه القطعة مثالية الجمال التي سعى إليها الفنان اليوناني القديم."
"greek-084","greek","جناح الحضارة اليونانية","مدينة كورنث القديمة","اليونان","مدينة تجارية إغريقية بارزة. تكشف هذه القطعة عن عمق تأثير الحضارة اليونانية في الفكر الإنساني."
"greek-085","greek","جناح الحضارة اليونانية","معبد ساموثراكي المقدس","جزيرة ساموثراكي","موطن اكتشاف تمثال نايكي المجنح. تعكس هذه القطعة إسهام الحضارة اليونانية في الفلسفة والفن والعلوم."
"greek-086","greek","جناح الحضارة اليونانية","تمثال نايكي ساموثراس (النصر المجنح)","رخام","تحفة نحتية إغريقية شهيرة عديمة الرأس. تروي هذه القطعة جانبًا من ازدهار الفكر والفن في بلاد الإغريق."
"greek-087","greek","جناح الحضارة اليونانية","عربة دلفي البرونزية","برونز","تمثال شاب يقود عربة سباق نذري. تجسّد هذه القطعة مثالية الجمال التي سعى إليها الفنان اليوناني القديم."
"greek-088","greek","جناح الحضارة اليونانية","تمثال الكوروس","رخام","تمثال شاب عارٍ يمثل المثالية الجسدية اليونانية. تكشف هذه القطعة عن عمق تأثير الحضارة اليونانية في الفكر الإنساني."
"greek-089","greek","جناح الحضارة اليونانية","تمثال الكوري","رخام","تمثال فتاة يونانية يمثل النذور المقدسة. تعكس هذه القطعة إسهام الحضارة اليونانية في الفلسفة والفن والعلوم."
"greek-090","greek","جناح الحضارة اليونانية","قرص فايستوس","طين مشوي","قرص غامض بكتابة صورية غير مفكوكة الرموز. تروي هذه القطعة جانبًا من ازدهار الفكر والفن في بلاد الإغريق."
"greek-091","greek","جناح الحضارة اليونانية","تماثيل تاناغرا الطينية","فخار مطلي","تماثيل صغيرة شائعة كهدايا جنائزية. تجسّد هذه القطعة مثالية الجمال التي سعى إليها الفنان اليوناني القديم."
"greek-092","greek","جناح الحضارة اليونانية","إناء بأسلوب الشكل الأحمر","فخار","تقنية فخارية إغريقية متقدمة عن الشكل الأسود. تكشف هذه القطعة عن عمق تأثير الحضارة اليونانية في الفكر الإنساني."
"greek-093","greek","جناح الحضارة اليونانية","رمح الهوبليت (دوري)","خشب وبرونز","سلاح المشاة الإغريقي الأساسي. تعكس هذه القطعة إسهام الحضارة اليونانية في الفلسفة والفن والعلوم."
"greek-094","greek","جناح الحضارة اليونانية","درع الساق (غريف)","برونز","قطعة تجهيز عسكري لحماية الساق. تروي هذه القطعة جانبًا من ازدهار الفكر والفن في بلاد الإغريق."
"greek-095","greek","جناح الحضارة اليونانية","لوح كتابة مينوي (خط ب الطيني)","طين مشوي","نظام كتابة مبكر من حضارة ميسينا. تجسّد هذه القطعة مثالية الجمال التي سعى إليها الفنان اليوناني القديم."
"greek-096","greek","جناح الحضارة اليونانية","جدارية قفز الثيران بكنوسوس","جص ملون","تصور رياضة قفز الثيران المينوية الشهيرة. تكشف هذه القطعة عن عمق تأثير الحضارة اليونانية في الفكر الإنساني."
"greek-097","greek","جناح الحضارة اليونانية","تمثالة إلهة الأفاعي المينوية","فخار ملون","تمثال طقسي من الحضارة المينوية. تعكس هذه القطعة إسهام الحضارة اليونانية في الفلسفة والفن والعلوم."
"greek-098","greek","جناح الحضارة اليونانية","كأسا فابيو الذهبيان","ذهب","أواني ذهبية ميسينية فاخرة. تروي هذه القطعة جانبًا من ازدهار الفكر والفن في بلاد الإغريق."
"greek-099","greek","جناح الحضارة اليونانية","إناء الأخطبوط المينوي","فخار","زخرفة بحرية مميزة للفن المينوي. تجسّد هذه القطعة مثالية الجمال التي سعى إليها الفنان اليوناني القديم."
"greek-100","greek","جناح الحضارة اليونانية","تمثال كوروس رخامي نصفي","رخام، العصر الأرخائي","تمثال شاب عارٍ بابتسامة أرخائية مميزة، ومثّل هذا الطراز بدايات النحت اليوناني الكلاسيكي."
"mesopotamia-001","mesopotamia","جناح حضارة بلاد الرافدين","سرجون الأكادي","نحو 2334 ق.م","مؤسس أول إمبراطورية معروفة في التاريخ. توثّق هذه القطعة إسهام حضارة بلاد الرافدين في الكتابة والقانون والعمارة."
"mesopotamia-002","mesopotamia","جناح حضارة بلاد الرافدين","حمورابي","نحو 1792-1750 ق.م","صاحب أشهر مجموعة قوانين في التاريخ القديم. تروي هذه القطعة فصلاً من قصة أقدم حضارة عرفت الكتابة والتدوين."
"mesopotamia-003","mesopotamia","جناح حضارة بلاد الرافدين","نبوخذ نصر الثاني","605-562 ق.م","بنى بوابة عشتار وحدائق بابل المعلقة. تعكس هذه القطعة تطور نظم الحكم والتجارة في سومر وبابل وآشور."
"mesopotamia-004","mesopotamia","جناح حضارة بلاد الرافدين","آشور بانيبال","668-627 ق.م","جمع أعظم مكتبة أثرية في نينوى. تكشف هذه القطعة عن عبقرية الإنسان الأول في تدوين المعرفة على الطين."
"mesopotamia-005","mesopotamia","جناح حضارة بلاد الرافدين","سنحاريب","705-681 ق.م","بنى نينوى وحصّنها بأسوار ضخمة. توثّق هذه القطعة إسهام حضارة بلاد الرافدين في الكتابة والقانون والعمارة."
"mesopotamia-006","mesopotamia","جناح حضارة بلاد الرافدين","جلجامش","ملك أسطوري لأوروك","بطل أقدم ملحمة مكتوبة في التاريخ. تروي هذه القطعة فصلاً من قصة أقدم حضارة عرفت الكتابة والتدوين."
"mesopotamia-007","mesopotamia","جناح حضارة بلاد الرافدين","أور نمو","نحو 2112 ق.م","مؤسس سلالة أور الثالثة وشريعة مبكرة. تعكس هذه القطعة تطور نظم الحكم والتجارة في سومر وبابل وآشور."
"mesopotamia-008","mesopotamia","جناح حضارة بلاد الرافدين","نابونيدس","556-539 ق.م","آخر ملوك بابل المستقلين. تكشف هذه القطعة عن عبقرية الإنسان الأول في تدوين المعرفة على الطين."
"mesopotamia-009","mesopotamia","جناح حضارة بلاد الرافدين","تغلث فلاسر الثالث","745-727 ق.م","أعاد تنظيم الإمبراطورية الآشورية إدارياً. توثّق هذه القطعة إسهام حضارة بلاد الرافدين في الكتابة والقانون والعمارة."
"mesopotamia-010","mesopotamia","جناح حضارة بلاد الرافدين","شمشي أدد الأول","نحو 1808 ق.م","وحّد أجزاء واسعة من بلاد ما بين النهرين. تروي هذه القطعة فصلاً من قصة أقدم حضارة عرفت الكتابة والتدوين."
"mesopotamia-011","mesopotamia","جناح حضارة بلاد الرافدين","إنخيدوانا","نحو 2300 ق.م","أول شاعرة معروفة باسمها في التاريخ. تعكس هذه القطعة تطور نظم الحكم والتجارة في سومر وبابل وآشور."
"mesopotamia-012","mesopotamia","جناح حضارة بلاد الرافدين","زوسر السومري (لوكال زاجيسي)","القرن 24 ق.م","حاكم سومري نافس الأكاديين. تكشف هذه القطعة عن عبقرية الإنسان الأول في تدوين المعرفة على الطين."
"mesopotamia-013","mesopotamia","جناح حضارة بلاد الرافدين","زقورة أور","العراق","معبد مدرج سومري مخصص لإله القمر. توثّق هذه القطعة إسهام حضارة بلاد الرافدين في الكتابة والقانون والعمارة."
"mesopotamia-014","mesopotamia","جناح حضارة بلاد الرافدين","بوابة عشتار","بابل","بوابة مزينة بطوب مزجج أزرق لامع. تروي هذه القطعة فصلاً من قصة أقدم حضارة عرفت الكتابة والتدوين."
"mesopotamia-015","mesopotamia","جناح حضارة بلاد الرافدين","حدائق بابل المعلقة","بابل","إحدى عجائب الدنيا السبع القديمة. تعكس هذه القطعة تطور نظم الحكم والتجارة في سومر وبابل وآشور."
"mesopotamia-016","mesopotamia","جناح حضارة بلاد الرافدين","قصر نمرود الملكي","آشور","مقر ملكي آشوري فخم منحوت الجدران. تكشف هذه القطعة عن عبقرية الإنسان الأول في تدوين المعرفة على الطين."
"mesopotamia-017","mesopotamia","جناح حضارة بلاد الرافدين","زقورة إتيمينانكي","بابل","يُعتقد أنها ألهمت أسطورة برج بابل. توثّق هذه القطعة إسهام حضارة بلاد الرافدين في الكتابة والقانون والعمارة."
"mesopotamia-018","mesopotamia","جناح حضارة بلاد الرافدين","مدينة نينوى الآشورية","العراق","عاصمة الإمبراطورية الآشورية الحديثة. تروي هذه القطعة فصلاً من قصة أقدم حضارة عرفت الكتابة والتدوين."
"mesopotamia-019","mesopotamia","جناح حضارة بلاد الرافدين","مدينة أوروك","العراق","من أقدم المدن الحضرية في التاريخ. تعكس هذه القطعة تطور نظم الحكم والتجارة في سومر وبابل وآشور."
"mesopotamia-020","mesopotamia","جناح حضارة بلاد الرافدين","مدينة ماري السورية","سوريا","مركز تجاري وإداري مهم ببلاد الرافدين. تكشف هذه القطعة عن عبقرية الإنسان الأول في تدوين المعرفة على الطين."
"mesopotamia-021","mesopotamia","جناح حضارة بلاد الرافدين","قصر سرجون الثاني بخورسباد","العراق","قصر آشوري ضخم بتماثيل الثيران المجنحة. توثّق هذه القطعة إسهام حضارة بلاد الرافدين في الكتابة والقانون والعمارة."
"mesopotamia-022","mesopotamia","جناح حضارة بلاد الرافدين","زقورة تشوغازنبيل","إيران","زقورة عيلامية من أفضل الزقورات حفظاً. تروي هذه القطعة فصلاً من قصة أقدم حضارة عرفت الكتابة والتدوين."
"mesopotamia-023","mesopotamia","جناح حضارة بلاد الرافدين","أسوار بابل العظيمة","بابل","تحصينات ضخمة أحاطت بالمدينة القديمة. تعكس هذه القطعة تطور نظم الحكم والتجارة في سومر وبابل وآشور."
"mesopotamia-024","mesopotamia","جناح حضارة بلاد الرافدين","بوابة نمرود الحجرية","آشور","بوابة مزينة بثيران مجنحة حارسة. تكشف هذه القطعة عن عبقرية الإنسان الأول في تدوين المعرفة على الطين."
"mesopotamia-025","mesopotamia","جناح حضارة بلاد الرافدين","مسلة حمورابي القانونية","حجر ديوريت أسود","أشمل مجموعة قوانين مدونة في العالم القديم. توثّق هذه القطعة إسهام حضارة بلاد الرافدين في الكتابة والقانون والعمارة."
"mesopotamia-026","mesopotamia","جناح حضارة بلاد الرافدين","لوح ملحمة جلجامش الطيني","طين مشوي بالكتابة المسمارية","أقدم عمل أدبي ملحمي معروف. تروي هذه القطعة فصلاً من قصة أقدم حضارة عرفت الكتابة والتدوين."
"mesopotamia-027","mesopotamia","جناح حضارة بلاد الرافدين","ثور مجنح آشوري (لاماسو)","حجر جيري","تمثال حارس بجسد ثور ورأس إنسان. تعكس هذه القطعة تطور نظم الحكم والتجارة في سومر وبابل وآشور."
"mesopotamia-028","mesopotamia","جناح حضارة بلاد الرافدين","ختم أسطواني بابلي","حجر كريم منحوت","يُدحرج لطبع نقش على الطين الرطب. تكشف هذه القطعة عن عبقرية الإنسان الأول في تدوين المعرفة على الطين."
"mesopotamia-029","mesopotamia","جناح حضارة بلاد الرافدين","قيثارة أور الذهبية","ذهب ولازورد","آلة موسيقية سومرية فاخرة. توثّق هذه القطعة إسهام حضارة بلاد الرافدين في الكتابة والقانون والعمارة."
"mesopotamia-030","mesopotamia","جناح حضارة بلاد الرافدين","لوح طيني بالكتابة المسمارية","طين مشوي","أقدم نظام كتابة معروف في التاريخ. تروي هذه القطعة فصلاً من قصة أقدم حضارة عرفت الكتابة والتدوين."
"mesopotamia-031","mesopotamia","جناح حضارة بلاد الرافدين","تمثال جلجامش يصارع أسداً","حجر","يجسد قوة البطل الأسطوري السومري. تعكس هذه القطعة تطور نظم الحكم والتجارة في سومر وبابل وآشور."
"mesopotamia-032","mesopotamia","جناح حضارة بلاد الرافدين","مسلة النسور السومرية","حجر جيري","توثق انتصاراً عسكرياً سومرياً مبكراً. تكشف هذه القطعة عن عبقرية الإنسان الأول في تدوين المعرفة على الطين."
"mesopotamia-033","mesopotamia","جناح حضارة بلاد الرافدين","قناع طيني لإله بابلي","طين مشوي","يستخدم في الطقوس الدينية البابلية. توثّق هذه القطعة إسهام حضارة بلاد الرافدين في الكتابة والقانون والعمارة."
"mesopotamia-034","mesopotamia","جناح حضارة بلاد الرافدين","لوح فلكي بابلي","طين مشوي","يسجل ملاحظات فلكية دقيقة للكواكب. تروي هذه القطعة فصلاً من قصة أقدم حضارة عرفت الكتابة والتدوين."
"mesopotamia-035","mesopotamia","جناح حضارة بلاد الرافدين","إناء فخاري سومري مزخرف","فخار","استخدام يومي في المدن السومرية المبكرة. تعكس هذه القطعة تطور نظم الحكم والتجارة في سومر وبابل وآشور."
"mesopotamia-036","mesopotamia","جناح حضارة بلاد الرافدين","حلي ملكة أور الذهبية","ذهب وأحجار كريمة","مجوهرات فاخرة من مقابر أور الملكية. تكشف هذه القطعة عن عبقرية الإنسان الأول في تدوين المعرفة على الطين."
"mesopotamia-037","mesopotamia","جناح حضارة بلاد الرافدين","تمثال المصلي السومري","حجر جيري","تمثال صغير يرمز للتعبد الدائم. توثّق هذه القطعة إسهام حضارة بلاد الرافدين في الكتابة والقانون والعمارة."
"mesopotamia-038","mesopotamia","جناح حضارة بلاد الرافدين","لوح حسابي بابلي (رياضيات)","طين مشوي","يوثق نظام العد الستيني البابلي. تروي هذه القطعة فصلاً من قصة أقدم حضارة عرفت الكتابة والتدوين."
"mesopotamia-039","mesopotamia","جناح حضارة بلاد الرافدين","عربة حربية سومرية (نموذج)","خشب وبرونز","تعكس تطور الحرب في بلاد الرافدين. تعكس هذه القطعة تطور نظم الحكم والتجارة في سومر وبابل وآشور."
"mesopotamia-040","mesopotamia","جناح حضارة بلاد الرافدين","تاج ملكي آشوري","ذهب","رمز السلطة الملكية الآشورية. تكشف هذه القطعة عن عبقرية الإنسان الأول في تدوين المعرفة على الطين."
"mesopotamia-041","mesopotamia","جناح حضارة بلاد الرافدين","لوح شريعة أشنونا","طين مشوي","مجموعة قوانين سابقة على شريعة حمورابي. توثّق هذه القطعة إسهام حضارة بلاد الرافدين في الكتابة والقانون والعمارة."
"mesopotamia-042","mesopotamia","جناح حضارة بلاد الرافدين","تمثال إله العاصفة حدد","حجر","إله الرعد والمطر في الميثولوجيا الرافدية. تروي هذه القطعة فصلاً من قصة أقدم حضارة عرفت الكتابة والتدوين."
"mesopotamia-043","mesopotamia","جناح حضارة بلاد الرافدين","نارام سين","نحو 2254 ق.م","حفيد سرجون الأكادي، أعلن نفسه إلهاً. تعكس هذه القطعة تطور نظم الحكم والتجارة في سومر وبابل وآشور."
"mesopotamia-044","mesopotamia","جناح حضارة بلاد الرافدين","جوديا حاكم لجش","نحو 2144 ق.م","اشتهر بتماثيله الحجرية العديدة. تكشف هذه القطعة عن عبقرية الإنسان الأول في تدوين المعرفة على الطين."
"mesopotamia-045","mesopotamia","جناح حضارة بلاد الرافدين","شولجي","نحو 2094 ق.م","ملك سومري قوي من سلالة أور الثالثة. توثّق هذه القطعة إسهام حضارة بلاد الرافدين في الكتابة والقانون والعمارة."
"mesopotamia-046","mesopotamia","جناح حضارة بلاد الرافدين","آشور ناصربال الثاني","883-859 ق.م","بنى قصر نمرود الشهير. تروي هذه القطعة فصلاً من قصة أقدم حضارة عرفت الكتابة والتدوين."
"mesopotamia-047","mesopotamia","جناح حضارة بلاد الرافدين","شلمنصر الثالث","859-824 ق.م","وسّع حدود الإمبراطورية الآشورية. تعكس هذه القطعة تطور نظم الحكم والتجارة في سومر وبابل وآشور."
"mesopotamia-048","mesopotamia","جناح حضارة بلاد الرافدين","إسرحدون","681-669 ق.م","أعاد بناء بابل بعد تدميرها. تكشف هذه القطعة عن عبقرية الإنسان الأول في تدوين المعرفة على الطين."
"mesopotamia-049","mesopotamia","جناح حضارة بلاد الرافدين","تجلات بلاسر الأول","1114-1076 ق.م","من أوائل الملوك الآشوريين الفاتحين. توثّق هذه القطعة إسهام حضارة بلاد الرافدين في الكتابة والقانون والعمارة."
"mesopotamia-050","mesopotamia","جناح حضارة بلاد الرافدين","زيمري ليم","نحو 1775 ق.م","حاكم مدينة ماري المزدهرة. تروي هذه القطعة فصلاً من قصة أقدم حضارة عرفت الكتابة والتدوين."
"mesopotamia-051","mesopotamia","جناح حضارة بلاد الرافدين","توكولتي نينورتا الأول","1243-1207 ق.م","وسّع النفوذ الآشوري نحو بابل. تعكس هذه القطعة تطور نظم الحكم والتجارة في سومر وبابل وآشور."
"mesopotamia-052","mesopotamia","جناح حضارة بلاد الرافدين","سميراميس (شمورامات)","القرن التاسع ق.م","ملكة آشورية أسطورية الذكر. تكشف هذه القطعة عن عبقرية الإنسان الأول في تدوين المعرفة على الطين."
"mesopotamia-053","mesopotamia","جناح حضارة بلاد الرافدين","إيبي سين","نحو 2028 ق.م","آخر ملوك سلالة أور الثالثة. توثّق هذه القطعة إسهام حضارة بلاد الرافدين في الكتابة والقانون والعمارة."
"mesopotamia-054","mesopotamia","جناح حضارة بلاد الرافدين","زقورة نيبور","العراق","مركز ديني سومري لعبادة إله الهواء إنليل. تروي هذه القطعة فصلاً من قصة أقدم حضارة عرفت الكتابة والتدوين."
"mesopotamia-055","mesopotamia","جناح حضارة بلاد الرافدين","زقورة إريدو","العراق","تعد إريدو أقدم مدينة سومرية معروفة. تعكس هذه القطعة تطور نظم الحكم والتجارة في سومر وبابل وآشور."
"mesopotamia-056","mesopotamia","جناح حضارة بلاد الرافدين","قصر آشور ناصربال بنمرود","العراق","قصر آشوري مزخرف بألواح حجرية بارزة. تكشف هذه القطعة عن عبقرية الإنسان الأول في تدوين المعرفة على الطين."
"mesopotamia-057","mesopotamia","جناح حضارة بلاد الرافدين","قصر سنحاريب في نينوى","العراق","عُرف بالقصر الذي لا مثيل له. توثّق هذه القطعة إسهام حضارة بلاد الرافدين في الكتابة والقانون والعمارة."
"mesopotamia-058","mesopotamia","جناح حضارة بلاد الرافدين","معبد مردوخ (إيساجيلا)","بابل","المعبد الرئيسي لكبير آلهة بابل. تروي هذه القطعة فصلاً من قصة أقدم حضارة عرفت الكتابة والتدوين."
"mesopotamia-059","mesopotamia","جناح حضارة بلاد الرافدين","مدينة أور السومرية","العراق","مدينة سومرية عريقة ومسقط رأس النبي إبراهيم تقليدياً. تعكس هذه القطعة تطور نظم الحكم والتجارة في سومر وبابل وآشور."
"mesopotamia-060","mesopotamia","جناح حضارة بلاد الرافدين","مدينة لجش","العراق","من أقدم دول المدن السومرية. تكشف هذه القطعة عن عبقرية الإنسان الأول في تدوين المعرفة على الطين."
"mesopotamia-061","mesopotamia","جناح حضارة بلاد الرافدين","مدينة كيش","العراق","مدينة سومرية بارزة في قوائم الملوك. توثّق هذه القطعة إسهام حضارة بلاد الرافدين في الكتابة والقانون والعمارة."
"mesopotamia-062","mesopotamia","جناح حضارة بلاد الرافدين","مدينة آشور","العراق","العاصمة الدينية القديمة للإمبراطورية الآشورية. تروي هذه القطعة فصلاً من قصة أقدم حضارة عرفت الكتابة والتدوين."
"mesopotamia-063","mesopotamia","جناح حضارة بلاد الرافدين","قصر خورسآباد (دور شروكين)","العراق","عاصمة بناها سرجون الثاني الآشوري. تعكس هذه القطعة تطور نظم الحكم والتجارة في سومر وبابل وآشور."
"mesopotamia-064","mesopotamia","جناح حضارة بلاد الرافدين","مسلة النصر لنارام سين","حجر","تخلد انتصار الملك الأكادي على أعدائه. تكشف هذه القطعة عن عبقرية الإنسان الأول في تدوين المعرفة على الطين."
"mesopotamia-065","mesopotamia","جناح حضارة بلاد الرافدين","تمثال جوديا الجالس","حجر ديوريت","يصور الحاكم السومري في وضعية تعبد. توثّق هذه القطعة إسهام حضارة بلاد الرافدين في الكتابة والقانون والعمارة."
"mesopotamia-066","mesopotamia","جناح حضارة بلاد الرافدين","رأس أكادية برونزية (سرجون)","برونز","تمثال ملكي دقيق الصنع من العصر الأكادي. تروي هذه القطعة فصلاً من قصة أقدم حضارة عرفت الكتابة والتدوين."
"mesopotamia-067","mesopotamia","جناح حضارة بلاد الرافدين","عاجيات نمرود","عاج منحوت","زخارف فاخرة من قصور آشورية. تعكس هذه القطعة تطور نظم الحكم والتجارة في سومر وبابل وآشور."
"mesopotamia-068","mesopotamia","جناح حضارة بلاد الرافدين","نقش آشوري لصيد الأسود","حجر جيري","يصور مشاهد صيد ملكية آشورية بارزة. تكشف هذه القطعة عن عبقرية الإنسان الأول في تدوين المعرفة على الطين."
"mesopotamia-069","mesopotamia","جناح حضارة بلاد الرافدين","نقش آشوري لحصار مدينة","حجر جيري","يوثق الحملات العسكرية الآشورية. توثّق هذه القطعة إسهام حضارة بلاد الرافدين في الكتابة والقانون والعمارة."
"mesopotamia-070","mesopotamia","جناح حضارة بلاد الرافدين","حجر الحدود (كودورو)","حجر","وثيقة ملكية تحدد ملكية الأراضي. تروي هذه القطعة فصلاً من قصة أقدم حضارة عرفت الكتابة والتدوين."
"mesopotamia-071","mesopotamia","جناح حضارة بلاد الرافدين","وزن على هيئة بطة","حجر","أداة قياس تجارية من بلاد الرافدين. تعكس هذه القطعة تطور نظم الحكم والتجارة في سومر وبابل وآشور."
"mesopotamia-072","mesopotamia","جناح حضارة بلاد الرافدين","لوح رياضي بابلي (بلمبتون 322)","طين مشوي","يوثق معرفة بابلية متقدمة بالمثلثات. تكشف هذه القطعة عن عبقرية الإنسان الأول في تدوين المعرفة على الطين."
"mesopotamia-073","mesopotamia","جناح حضارة بلاد الرافدين","لوح فلكي (مول أبين)","طين مشوي","قائمة نجوم وتوقعات فلكية بابلية. توثّق هذه القطعة إسهام حضارة بلاد الرافدين في الكتابة والقانون والعمارة."
"mesopotamia-074","mesopotamia","جناح حضارة بلاد الرافدين","لوحة ملكة الليل (بورني)","طين مشوي","لوح بارز يصور إلهة بابلية جدلية الهوية. تروي هذه القطعة فصلاً من قصة أقدم حضارة عرفت الكتابة والتدوين."
"mesopotamia-075","mesopotamia","جناح حضارة بلاد الرافدين","ختم بمشهد وليمة سومرية","حجر كريم","يصور مأدبة ملكية أو دينية. تعكس هذه القطعة تطور نظم الحكم والتجارة في سومر وبابل وآشور."
"mesopotamia-076","mesopotamia","جناح حضارة بلاد الرافدين","لوحة أور ناشه النذرية","حجر جيري","توثق أعمال بناء ملك سومري. تكشف هذه القطعة عن عبقرية الإنسان الأول في تدوين المعرفة على الطين."
"mesopotamia-077","mesopotamia","جناح حضارة بلاد الرافدين","تمثال تأسيسي نحاسي","نحاس","يوضع أساس المعابد كطقس تأسيسي. توثّق هذه القطعة إسهام حضارة بلاد الرافدين في الكتابة والقانون والعمارة."
"mesopotamia-078","mesopotamia","جناح حضارة بلاد الرافدين","خوذة مسكلامدوج البرونزية","ذهب وبرونز","خوذة ملكية من مقابر أور الملكية. تروي هذه القطعة فصلاً من قصة أقدم حضارة عرفت الكتابة والتدوين."
"mesopotamia-079","mesopotamia","جناح حضارة بلاد الرافدين","خنجر أور الذهبي","ذهب وحجر لازورد","سلاح احتفالي فاخر من مقابر أور. تعكس هذه القطعة تطور نظم الحكم والتجارة في سومر وبابل وآشور."
"mesopotamia-080","mesopotamia","جناح حضارة بلاد الرافدين","لعبة أور الملكية","خشب وصدف","لعبة لوحية سومرية من أقدم الألعاب المعروفة. تكشف هذه القطعة عن عبقرية الإنسان الأول في تدوين المعرفة على الطين."
"mesopotamia-081","mesopotamia","جناح حضارة بلاد الرافدين","قيثارة أور الفضية","فضة","آلة موسيقية سومرية فاخرة أخرى من مقابر أور. توثّق هذه القطعة إسهام حضارة بلاد الرافدين في الكتابة والقانون والعمارة."
"mesopotamia-082","mesopotamia","جناح حضارة بلاد الرافدين","راية الحرب والسلام (ستاندرد أور)","خشب مطعم بالصدف واللازورد","لوح فسيفسائي يصور مشاهد حرب وسلام سومرية. تروي هذه القطعة فصلاً من قصة أقدم حضارة عرفت الكتابة والتدوين."
"mesopotamia-083","mesopotamia","جناح حضارة بلاد الرافدين","تمثال الكبش في الأدغال","ذهب ولازورد","تحفة سومرية شهيرة من مقابر أور الملكية. تعكس هذه القطعة تطور نظم الحكم والتجارة في سومر وبابل وآشور."
"mesopotamia-084","mesopotamia","جناح حضارة بلاد الرافدين","مسلة النسور","حجر جيري","توثق انتصاراً عسكرياً سومرياً مبكراً بين لجش وأوما. تكشف هذه القطعة عن عبقرية الإنسان الأول في تدوين المعرفة على الطين."
"mesopotamia-085","mesopotamia","جناح حضارة بلاد الرافدين","لوح طيني بملحمة الطوفان","طين مشوي بالخط المسماري","جزء من ملحمة جلجامش يروي قصة طوفان عظيم، ويُعد من أقدم قصص الطوفان المكتوبة في التاريخ."
"mesopotamia-086","mesopotamia","جناح حضارة بلاد الرافدين","تمثال عبادة سومري بعيون مرصعة","حجر الجبس","تمثال نذري صغير كان يُوضع في المعابد لتمثيل المصلي في حضرة الإله بشكل دائم."
"mesopotamia-087","mesopotamia","جناح حضارة بلاد الرافدين","ختم أسطواني بمشهد أسطوري","حجر كريم منحوت","ختم صغير كان يُدحرج على الطين لترك بصمة تصور مشاهد دينية أو أسطورية متكررة."
"mesopotamia-088","mesopotamia","جناح حضارة بلاد الرافدين","رأس ثور برونزي من أور","برونز ولازورد","قطعة زخرفية كانت تُثبّت على آلة موسيقية ملكية، وتعكس مهارة الصياغة السومرية المبكرة."
"mesopotamia-089","mesopotamia","جناح حضارة بلاد الرافدين","لوح حدود بابلي (كودورو)","حجر منحوت","لوح حجري يوثّق ملكية أرض زراعية، ونُقشت عليه رموز آلهة لحمايته من التزوير."
"mesopotamia-090","mesopotamia","جناح حضارة بلاد الرافدين","بقايا قيثارة أور الملكية","خشب وذهب ولازورد","آلة موسيقية فاخرة عُثر عليها في مقابر أور الملكية، ورأسها منحوت على هيئة رأس ثور."
"mesopotamia-091","mesopotamia","جناح حضارة بلاد الرافدين","تمثال كاهن آشوري ملتحٍ","حجر جيري","تمثال يصور أحد كبار الكهنة بلحية مجعّدة مصففة، وفق الأسلوب النحتي الآشوري المميز."
"mesopotamia-092","mesopotamia","جناح حضارة بلاد الرافدين","لوح كتابة مدرسي (بيت الكتبة)","طين مشوي","لوح تدريب استخدمه تلاميذ الكتابة في المدارس السومرية لإتقان الخط المسماري."
"mesopotamia-093","mesopotamia","جناح حضارة بلاد الرافدين","نموذج مصغّر لزقورة أور","طين مشوي","نموذج يعيد تصور الزقورة، المعبد المدرّج الذي كان يربط بين الأرض والسماء في العقيدة السومرية."
"mesopotamia-094","mesopotamia","جناح حضارة بلاد الرافدين","تمثال ثور مجنح آشوري (لاماسو)","حجر جيري","تمثال حارس ضخم بجسد ثور وأجنحة ورأس إنسان، كان يحرس مداخل القصور الآشورية."
"mesopotamia-095","mesopotamia","جناح حضارة بلاد الرافدين","جرة تخزين فخارية سومرية","فخار","إناء استُخدم لتخزين الحبوب أو الزيوت في المنازل والمخازن السومرية."
"mesopotamia-096","mesopotamia","جناح حضارة بلاد الرافدين","مسلة النسور السومرية","حجر منحوت","مسلة نصر تخلّد انتصار مدينة لجش، وتُعد من أقدم الوثائق المصورة للحروب في التاريخ."
"mesopotamia-097","mesopotamia","جناح حضارة بلاد الرافدين","حلية أذن ذهبية من مقابر أور","ذهب","حلية دقيقة الصنع عُثر عليها في المقابر الملكية بأور، تعكس رقي الصياغة السومرية."
"mesopotamia-098","mesopotamia","جناح حضارة بلاد الرافدين","لوح فلكي بابلي","طين مشوي","سجل فلكي يوثّق رصد حركة الكواكب والنجوم، ويُظهر تقدم علم الفلك البابلي."
"mesopotamia-099","mesopotamia","جناح حضارة بلاد الرافدين","نموذج عجلة حربية سومرية","خشب وبرونز","نموذج مصغر لأقدم عربة حربية ذات عجلات معروفة في التاريخ."
"mesopotamia-100","mesopotamia","جناح حضارة بلاد الرافدين","تمثال طيني للإلهة عشتار","طين مشوي","يمثل عشتار إلهة الحب والحرب، من أكثر الآلهة تبجيلاً في بلاد الرافدين."
"world-001","world","جناح حضارات العالم","هرم تشيتشن إيتزا (كوكولكان)","حضارة المايا - المكسيك","هرم مدرج يعكس دقة المايا الفلكية. تمثل هذه القطعة شاهداً على تنوع وثراء حضارات العالم القديم."
"world-002","world","جناح حضارات العالم","مدينة تيكال الأثرية","حضارة المايا - غواتيمالا","من أعظم مدن المايا وأهرامها الشاهقة. تروي هذه القطعة فصلاً من تاريخ حضارة إنسانية ازدهرت بعيدًا عن ضفاف النيل."
"world-003","world","جناح حضارات العالم","مدينة كوبان","حضارة المايا - هندوراس","اشتهرت بنقوشها الحجرية ومسلاتها الفنية. تعكس هذه القطعة إبداع شعوب قدّمت للبشرية إرثًا فنيًا وثقافيًا خالدًا."
"world-004","world","جناح حضارات العالم","مدينة بالنكي","حضارة المايا - المكسيك","تضم معبد النقوش ومقبرة ملكية فاخرة. تمثل هذه القطعة شاهداً على تنوع وثراء حضارات العالم القديم."
"world-005","world","جناح حضارات العالم","تقويم المايا الدائري","حضارة المايا","نظام تقويم فلكي بالغ الدقة. تروي هذه القطعة فصلاً من تاريخ حضارة إنسانية ازدهرت بعيدًا عن ضفاف النيل."
"world-006","world","جناح حضارات العالم","مخطوطة دريسدن (كتاب المايا)","حضارة المايا","أحد أقدم كتب المايا الباقية بالكتابة الهيروغليفية. تعكس هذه القطعة إبداع شعوب قدّمت للبشرية إرثًا فنيًا وثقافيًا خالدًا."
"world-007","world","جناح حضارات العالم","قناع موت المايا اليشمي","يشم","قناع جنائزي فاخر لحاكم من المايا. تمثل هذه القطعة شاهداً على تنوع وثراء حضارات العالم القديم."
"world-008","world","جناح حضارات العالم","ملعب الكرة عند المايا","حضارة المايا","ملعب طقسي رياضي ديني مقدس. تروي هذه القطعة فصلاً من تاريخ حضارة إنسانية ازدهرت بعيدًا عن ضفاف النيل."
"world-009","world","جناح حضارات العالم","مدينة ماتشو بيتشو","إمبراطورية الإنكا - بيرو","مدينة جبلية غامضة من حجارة مصقولة بدقة. تعكس هذه القطعة إبداع شعوب قدّمت للبشرية إرثًا فنيًا وثقافيًا خالدًا."
"world-010","world","جناح حضارات العالم","طريق الإنكا الملكي (كابك نان)","إمبراطورية الإنكا","شبكة طرق ضخمة ربطت الإمبراطورية. تمثل هذه القطعة شاهداً على تنوع وثراء حضارات العالم القديم."
"world-011","world","جناح حضارات العالم","مدينة كوسكو عاصمة الإنكا","بيرو","عاصمة إمبراطورية الإنكا وقلبها الديني. تروي هذه القطعة فصلاً من تاريخ حضارة إنسانية ازدهرت بعيدًا عن ضفاف النيل."
"world-012","world","جناح حضارات العالم","معبد الشمس (كوريكانتشا)","كوسكو - بيرو","أهم معبد ديني في إمبراطورية الإنكا. تعكس هذه القطعة إبداع شعوب قدّمت للبشرية إرثًا فنيًا وثقافيًا خالدًا."
"world-013","world","جناح حضارات العالم","كيبو (الحبال المعقودة)","إمبراطورية الإنكا","نظام تسجيل بالعقد بدلاً من الكتابة. تمثل هذه القطعة شاهداً على تنوع وثراء حضارات العالم القديم."
"world-014","world","جناح حضارات العالم","أقنعة إنكا الذهبية الجنائزية","ذهب","أقنعة فاخرة توضع على وجوه النبلاء المتوفين. تروي هذه القطعة فصلاً من تاريخ حضارة إنسانية ازدهرت بعيدًا عن ضفاف النيل."
"world-015","world","جناح حضارات العالم","تماثيل تيوانتينسويو الحجرية","إمبراطورية الإنكا","تماثيل طقسية من حجر البازلت. تعكس هذه القطعة إبداع شعوب قدّمت للبشرية إرثًا فنيًا وثقافيًا خالدًا."
"world-016","world","جناح حضارات العالم","سور الصين العظيم","الصين القديمة","أطول بناء دفاعي من صنع الإنسان. تمثل هذه القطعة شاهداً على تنوع وثراء حضارات العالم القديم."
"world-017","world","جناح حضارات العالم","جيش تيراكوتا الطيني","الصين - أسرة تشين","آلاف الجنود الطينيين لحراسة قبر الإمبراطور. تروي هذه القطعة فصلاً من تاريخ حضارة إنسانية ازدهرت بعيدًا عن ضفاف النيل."
"world-018","world","جناح حضارات العالم","مدينة بكين المحرمة","الصين - أسرة مينغ","القصر الإمبراطوري المركزي لأباطرة الصين. تعكس هذه القطعة إبداع شعوب قدّمت للبشرية إرثًا فنيًا وثقافيًا خالدًا."
"world-019","world","جناح حضارات العالم","قناة الصين الكبرى","الصين القديمة","أطول قناة مائية صناعية في العالم. تمثل هذه القطعة شاهداً على تنوع وثراء حضارات العالم القديم."
"world-020","world","جناح حضارات العالم","إناء برونزي من أسرة شانغ","الصين القديمة","يعكس براعة صب البرونز الصينية المبكرة. تروي هذه القطعة فصلاً من تاريخ حضارة إنسانية ازدهرت بعيدًا عن ضفاف النيل."
"world-021","world","جناح حضارات العالم","خزف مينغ الأزرق والأبيض","الصين - أسرة مينغ","طراز خزفي صيني عالمي الشهرة. تعكس هذه القطعة إبداع شعوب قدّمت للبشرية إرثًا فنيًا وثقافيًا خالدًا."
"world-022","world","جناح حضارات العالم","عربة برونزية من مقبرة إمبراطورية","الصين - أسرة تشين","نموذج مصغر دقيق لعربة ملكية. تمثل هذه القطعة شاهداً على تنوع وثراء حضارات العالم القديم."
"world-023","world","جناح حضارات العالم","درع حرير صيني تقليدي","حرير مطرز","يعكس تطور صناعة الحرير الصينية العريقة. تروي هذه القطعة فصلاً من تاريخ حضارة إنسانية ازدهرت بعيدًا عن ضفاف النيل."
"world-024","world","جناح حضارات العالم","مخطوطة كونفوشيوس الفلسفية","الصين القديمة","نصوص أخلاقية أثرت في الفكر الصيني لآلاف السنين. تعكس هذه القطعة إبداع شعوب قدّمت للبشرية إرثًا فنيًا وثقافيًا خالدًا."
"world-025","world","جناح حضارات العالم","بوصلة صينية قديمة","معدن ومغناطيس","من أوائل اختراعات الملاحة الصينية. تمثل هذه القطعة شاهداً على تنوع وثراء حضارات العالم القديم."
"world-026","world","جناح حضارات العالم","طبق يشم إمبراطوري صيني","يشم","حجر كريم مقدس في الثقافة الصينية. تروي هذه القطعة فصلاً من تاريخ حضارة إنسانية ازدهرت بعيدًا عن ضفاف النيل."
"world-027","world","جناح حضارات العالم","تمثال بوذا برونزي صيني","برونز","يعكس انتشار البوذية في الصين القديمة. تعكس هذه القطعة إبداع شعوب قدّمت للبشرية إرثًا فنيًا وثقافيًا خالدًا."
"world-028","world","جناح حضارات العالم","مملكة أكسوم ومسلاتها","إثيوبيا","مسلات حجرية ضخمة لمملكة أفريقية قديمة قوية. تمثل هذه القطعة شاهداً على تنوع وثراء حضارات العالم القديم."
"world-029","world","جناح حضارات العالم","مدينة الزيمبابوي العظمى","زيمبابوي","أطلال حجرية ضخمة لمملكة أفريقية مزدهرة. تروي هذه القطعة فصلاً من تاريخ حضارة إنسانية ازدهرت بعيدًا عن ضفاف النيل."
"world-030","world","جناح حضارات العالم","مملكة مالي وممر تمبكتو","غرب أفريقيا","مركز تجاري وعلمي أفريقي مزدهر. تعكس هذه القطعة إبداع شعوب قدّمت للبشرية إرثًا فنيًا وثقافيًا خالدًا."
"world-031","world","جناح حضارات العالم","تمثال نوك الطيني","نيجيريا","من أقدم الفنون النحتية في غرب أفريقيا. تمثل هذه القطعة شاهداً على تنوع وثراء حضارات العالم القديم."
"world-032","world","جناح حضارات العالم","رأس إيفي البرونزية","نيجيريا","تحفة نحتية تعكس براعة فن يوروبا القديم. تروي هذه القطعة فصلاً من تاريخ حضارة إنسانية ازدهرت بعيدًا عن ضفاف النيل."
"world-033","world","جناح حضارات العالم","برونزيات بنين الملكية","نيجيريا","ألواح برونزية فاخرة من بلاط مملكة بنين. تعكس هذه القطعة إبداع شعوب قدّمت للبشرية إرثًا فنيًا وثقافيًا خالدًا."
"world-034","world","جناح حضارات العالم","أهرامات مروي النوبية","السودان","أهرامات نوبية أصغر وأكثر عدداً من المصرية. تمثل هذه القطعة شاهداً على تنوع وثراء حضارات العالم القديم."
"world-035","world","جناح حضارات العالم","مملكة كوش النوبية","السودان","حضارة نيلية مجاورة لمصر ومنافسة لها. تروي هذه القطعة فصلاً من تاريخ حضارة إنسانية ازدهرت بعيدًا عن ضفاف النيل."
"world-036","world","جناح حضارات العالم","قصر الملكة الأثيوبية (غوندار)","إثيوبيا","مجمع قصور ملكي أفريقي محصن. تعكس هذه القطعة إبداع شعوب قدّمت للبشرية إرثًا فنيًا وثقافيًا خالدًا."
"world-037","world","جناح حضارات العالم","كنائس لاليبيلا المنحوتة بالصخر","إثيوبيا","كنائس أثيوبية منحوتة بالكامل في الصخر. تمثل هذه القطعة شاهداً على تنوع وثراء حضارات العالم القديم."
"world-038","world","جناح حضارات العالم","مدينة موهنجو دارو","حضارة وادي السند - باكستان","مدينة قديمة بتخطيط هندسي متقدم للصرف الصحي. تروي هذه القطعة فصلاً من تاريخ حضارة إنسانية ازدهرت بعيدًا عن ضفاف النيل."
"world-039","world","جناح حضارات العالم","مدينة هارابا","حضارة وادي السند - باكستان","إحدى أكبر مدن حضارة وادي السند. تعكس هذه القطعة إبداع شعوب قدّمت للبشرية إرثًا فنيًا وثقافيًا خالدًا."
"world-040","world","جناح حضارات العالم","أختام وادي السند الحجرية","حضارة وادي السند","أختام منقوشة بكتابة لم تُفك رموزها بالكامل. تمثل هذه القطعة شاهداً على تنوع وثراء حضارات العالم القديم."
"world-041","world","جناح حضارات العالم","تمثال الملك الكاهن","حضارة وادي السند","تمثال حجري صغير من موهنجو دارو الشهير. تروي هذه القطعة فصلاً من تاريخ حضارة إنسانية ازدهرت بعيدًا عن ضفاف النيل."
"world-042","world","جناح حضارات العالم","الراقصة البرونزية","حضارة وادي السند","تمثال برونزي صغير يعكس مهارة السبك المبكرة. تعكس هذه القطعة إبداع شعوب قدّمت للبشرية إرثًا فنيًا وثقافيًا خالدًا."
"world-043","world","جناح حضارات العالم","نظام الصرف الصحي بموهنجو دارو","حضارة وادي السند","بنية تحتية حضرية متقدمة قبل آلاف السنين. تمثل هذه القطعة شاهداً على تنوع وثراء حضارات العالم القديم."
"world-044","world","جناح حضارات العالم","رؤوس الأولمك الحجرية الضخمة","حضارة الأولمك - المكسيك","رؤوس بازلتية عملاقة لحضارة أم في أمريكا الوسطى. تروي هذه القطعة فصلاً من تاريخ حضارة إنسانية ازدهرت بعيدًا عن ضفاف النيل."
"world-045","world","جناح حضارات العالم","خطوط نازكا الغامضة","حضارة نازكا - بيرو","رسوم أرضية ضخمة لا تُرى إلا من الجو. تعكس هذه القطعة إبداع شعوب قدّمت للبشرية إرثًا فنيًا وثقافيًا خالدًا."
"world-046","world","جناح حضارات العالم","مدينة تيوتيهواكان","المكسيك القديمة","تضم أهرام الشمس والقمر الضخمة. تمثل هذه القطعة شاهداً على تنوع وثراء حضارات العالم القديم."
"world-047","world","جناح حضارات العالم","تمثال موآي في جزيرة إيستر","جزيرة إيستر - المحيط الهادئ","تماثيل حجرية عملاقة غامضة المنشأ. تروي هذه القطعة فصلاً من تاريخ حضارة إنسانية ازدهرت بعيدًا عن ضفاف النيل."
"world-048","world","جناح حضارات العالم","معبد أنغكور وات","كمبوديا","أكبر معبد ديني في العالم القديم. تعكس هذه القطعة إبداع شعوب قدّمت للبشرية إرثًا فنيًا وثقافيًا خالدًا."
"world-049","world","جناح حضارات العالم","مدينة بيتراهاتشمشير المدفونة (بيترا)","الأردن","مدينة منحوتة بالكامل في الصخر الوردي. تمثل هذه القطعة شاهداً على تنوع وثراء حضارات العالم القديم."
"world-050","world","جناح حضارات العالم","جزيرة إيستر التماثيل الحجرية","المحيط الهادئ","رموز حضارة معزولة غامضة التاريخ. تروي هذه القطعة فصلاً من تاريخ حضارة إنسانية ازدهرت بعيدًا عن ضفاف النيل."
"world-051","world","جناح حضارات العالم","مدينة سور الصين القديمة (شيان)","الصين","موطن جيش التيراكوتا الشهير. تعكس هذه القطعة إبداع شعوب قدّمت للبشرية إرثًا فنيًا وثقافيًا خالدًا."
"world-052","world","جناح حضارات العالم","سفينة الفايكنج الخشبية","الشعوب الاسكندنافية","تعكس براعة الملاحة الاسكندنافية القديمة. تمثل هذه القطعة شاهداً على تنوع وثراء حضارات العالم القديم."
"world-053","world","جناح حضارات العالم","حجر رونية اسكندنافي منقوش","حجر","نقوش تسجل أحداثاً وأساطير الفايكنج. تروي هذه القطعة فصلاً من تاريخ حضارة إنسانية ازدهرت بعيدًا عن ضفاف النيل."
"world-054","world","جناح حضارات العالم","قناع جنائزي مايا من اليشم","حضارة المايا","قناع دفن ملكي صيغ من قطع اليشم الأخضر، الحجر الأكثر قداسة عند المايا."
"world-055","world","جناح حضارات العالم","تمثال إله المطر تشاك","حضارة المايا","إله المطر والخصوبة عند المايا، وارتبطت طقوسه بمواسم الزراعة والحصاد."
"world-056","world","جناح حضارات العالم","تقويم مايا الحجري الدائري","حضارة المايا","قرص حجري منحوت استخدمه كهنة المايا لتتبع الدورات الفلكية والزراعية بدقة مذهلة."
"world-057","world","جناح حضارات العالم","مذبح حجري مايا منقوش","حضارة المايا","مذبح طقسي استُخدم في احتفالات دينية كبرى داخل المعابد الهرمية للمايا."
"world-058","world","جناح حضارات العالم","تمثال ذهبي إنكي صغير","حضارة الإنكا","تمثال نذري صغير من الذهب الخالص، قُدّم قربانًا لآلهة الجبال عند الإنكا."
"world-059","world","جناح حضارات العالم","حبل كيبو لتدوين الأرقام","حضارة الإنكا","نظام عقد وحبال ملونة استخدمه الإنكا لتسجيل الحسابات والإحصاءات دون كتابة تقليدية."
"world-060","world","جناح حضارات العالم","قناع ذهبي جنائزي إنكي","حضارة الإنكا","قناع كان يُوضع على وجه المتوفى من النبلاء لحمايته في رحلته إلى العالم الآخر."
"world-061","world","جناح حضارات العالم","نسيج إنكي مطرّز بالألوان","حضارة الإنكا","قطعة قماش صوفية منسوجة بدقة عالية، وتعكس مكانة النسيج الرفيع في مجتمع الإنكا."
"world-062","world","جناح حضارات العالم","جندي من جيش تيراكوتا الصيني","أسرة تشين الصينية","جزء من جيش طيني ضخم دُفن مع أول أباطرة الصين الموحّدة لحمايته في الآخرة."
"world-063","world","جناح حضارات العالم","إناء برونزي من عصر أسرة شانغ","الصين القديمة","إناء طقسي بروبزي استُخدم في تقديم القرابين للأسلاف، ويحمل زخارف حيوانية رمزية."
"world-064","world","جناح حضارات العالم","قطعة حرير صيني مطرزة","الصين القديمة","نسيج حريري فاخر يعكس مهارة الصين المبكرة في صناعة الحرير التي اشتهرت به عالميًا."
"world-065","world","جناح حضارات العالم","عملة صينية برونزية مثقوبة","الصين القديمة","عملة معدنية دائرية بثقب مربع في المنتصف، استخدمت في التجارة على طول طريق الحرير."
"world-066","world","جناح حضارات العالم","قناع طقسي أفريقي خشبي","ممالك أفريقيا القديمة","قناع منحوت استُخدم في رقصات وطقوس قبلية، ويحمل دلالات روحية عميقة."
"world-067","world","جناح حضارات العالم","تمثال برونزي من مملكة بنين","مملكة بنين","تمثال يعكس براعة سباكة البرونز في غرب أفريقيا، وغالبًا ما يمثل ملوكًا أو محاربين."
"world-068","world","جناح حضارات العالم","قناع ذهبي من ثقافة الأشانتي","غرب أفريقيا","قناع احتفالي مصنوع من الذهب، وارتبط برموز الملكية والسلطة عند شعب الأشانتي."
"world-069","world","جناح حضارات العالم","طبل احتفالي أفريقي منحوت","ممالك أفريقيا القديمة","آلة إيقاعية استخدمت في المناسبات الدينية والاحتفالات الملكية عبر أفريقيا القديمة."
"world-070","world","جناح حضارات العالم","ختم من حضارة وادي السند","حضارة وادي السند","ختم حجري صغير محفور برموز غير مفكوكة الرموز حتى الآن، وربما استُخدم في التجارة."
"world-071","world","جناح حضارات العالم","تمثال الملك الكاهن","موهنجو دارو","تمثال حجري صغير يُعتقد أنه يمثل شخصية دينية أو سياسية بارزة في حضارة وادي السند."
"world-072","world","جناح حضارات العالم","لوح كتابة من حضارة وادي السند","حضارة وادي السند","لوح يحمل رموزًا كتابية لم يتمكن الباحثون من فك رموزها حتى اليوم."
"world-073","world","جناح حضارات العالم","حلية عاجية من موهنجو دارو","حضارة وادي السند","حلية دقيقة الصنع من العاج، تعكس تطور الحرف اليدوية في المدن الأولى بوادي السند."
"world-074","world","جناح حضارات العالم","إبريق فخاري مزخرف من المايا","حضارة المايا","إناء طقسي يحمل رسومًا تصور مشاهد من الأساطير والحياة الملكية عند المايا."
"world-075","world","جناح حضارات العالم","تمثال محارب إنكي من الفضة","حضارة الإنكا","تمثال صغير يمثل محاربًا، وكان يُقدَّم كقربان في المرتفعات الجبلية المقدسة."
"world-076","world","جناح حضارات العالم","لوح يشم صيني منحوت","الصين القديمة","قطعة يشم كانت رمزًا للنقاء والخلود عند الصينيين القدماء، واستُخدمت في الطقوس الجنائزية."
"world-077","world","جناح حضارات العالم","قناع جنائزي من العاج الأفريقي","مملكة بنين","قناع فاخر كان يُرتديه الملوك في المناسبات الكبرى كرمز للسلطة الروحية."
"world-078","world","جناح حضارات العالم","سوار نحاسي من وادي السند","حضارة وادي السند","حلية معدنية تعكس مهارة الصياغة المبكرة في مدن حضارة وادي السند الكبرى."
"world-079","world","جناح حضارات العالم","تمثال طائر الكيتزال المقدس","حضارة المايا","طائر الكيتزال ذو الريش الأخضر كان رمزًا مقدسًا للحرية والألوهية عند شعوب أمريكا الوسطى."
"world-080","world","جناح حضارات العالم","نموذج مدرّجات زراعية إنكية","حضارة الإنكا","نموذج يعيد تصور المدرجات الزراعية التي بناها الإنكا على سفوح جبال الأنديز."
"world-081","world","جناح حضارات العالم","لوح عظم منقوش من أسرة شانغ","الصين القديمة","عظم كُتبت عليه أقدم نصوص الكتابة الصينية المعروفة، واستُخدم في طقوس التكهن."
"world-082","world","جناح حضارات العالم","تمثال فيل من العاج الأفريقي","ممالك أفريقيا القديمة","منحوتة عاجية دقيقة تعكس ثراء تجارة العاج في الممالك الأفريقية القديمة."
"world-083","world","جناح حضارات العالم","حجر نقش من حضارة وادي السند","حضارة وادي السند","حجر يحمل رموزًا هندسية ورسومًا حيوانية من أقدم المدن المخططة في التاريخ."
"world-084","world","جناح حضارات العالم","قناع جنائزي مزدوج الألوان","حضارة المايا","قناع يجمع بين اليشم الأخضر وصدف المحار الأبيض، ويعكس رمزية الحياة والموت عند المايا."
"world-085","world","جناح حضارات العالم","تمثال كاهن إنكي مرتدٍ الريش","حضارة الإنكا","تمثال يصور كاهنًا بزي احتفالي مزين بريش الطيور الملونة النادرة."
"world-086","world","جناح حضارات العالم","مرآة برونزية صينية قديمة","الصين القديمة","مرآة معدنية مصقولة الوجه ومزخرفة الظهر برموز فلكية ودينية."
"world-087","world","جناح حضارات العالم","تمثال أسد برونزي من بنين","مملكة بنين","تمثال يرمز للقوة الملكية، وكان يُوضع عند مداخل قصور الأشراف في المملكة."
"world-088","world","جناح حضارات العالم","خرزة من أحجار كريمة نادرة","حضارة وادي السند","خرزة زينة عُثر عليها ضمن مصنع للأحجار الكريمة في إحدى مدن وادي السند الكبرى."
"world-089","world","جناح حضارات العالم","نصب حجري مايا لأحد الحكام","حضارة المايا","نصب تذكاري يوثّق إنجازات أحد حكام مدن المايا، ونُقشت عليه رموز التاريخ والتقويم."
"world-090","world","جناح حضارات العالم","وعاء طقسي إنكي من الفضة","حضارة الإنكا","وعاء استُخدم في تقديم القرابين السائلة للآلهة في الاحتفالات الدينية الكبرى."
"world-091","world","جناح حضارات العالم","تمثال تنين صيني من اليشم","الصين القديمة","التنين رمز القوة والحظ الملكي في الثقافة الصينية القديمة، ونُحت غالبًا من اليشم النفيس."
"world-092","world","جناح حضارات العالم","قناع احتفالي من مملكة الكونغو","ممالك أفريقيا القديمة","قناع خشبي مزخرف استُخدم في احتفالات دينية وملكية داخل مملكة الكونغو القديمة."
"world-093","world","جناح حضارات العالم","ميزان تجاري من وادي السند","حضارة وادي السند","أداة وزن دقيقة تعكس تطور النظام التجاري في مدن حضارة وادي السند."
"world-094","world","جناح حضارات العالم","تمثال قرد من حضارة المايا","حضارة المايا","يمثل القرد راعي الفنون والكتابة عند المايا، وارتبط بالحرفيين والكتبة."
"world-095","world","جناح حضارات العالم","تاج ريش إنكي ملكي","حضارة الإنكا","تاج احتفالي مصنوع من ريش الطيور الاستوائية النادرة، وكان يرتديه كبار الحكام."
"world-096","world","جناح حضارات العالم","جرس برونزي صيني طقسي","الصين القديمة","جرس كان يُستخدم في الموسيقى الطقسية بالبلاط الملكي الصيني القديم."
"world-097","world","جناح حضارات العالم","تمثال امرأة نبيلة من بنين","مملكة بنين","تمثال برونزي يصور امرأة من الطبقة النبيلة بزينتها التقليدية الفاخرة."
"world-098","world","جناح حضارات العالم","كرة رياضية طقسية من المايا","حضارة المايا","كرة مطاطية استُخدمت في لعبة الكرة المقدسة التي كانت جزءًا من طقوس دينية كبرى."
"world-099","world","جناح حضارات العالم","تميمة حجرية من وادي السند","حضارة وادي السند","تميمة صغيرة يُعتقد أنها استُخدمت للحماية أو كرمز ديني في الحياة اليومية."
"world-100","world","جناح حضارات العالم","قلادة ذهبية من الإنكا","حضارة الإنكا","حلية فاخرة كانت ترمز إلى المكانة الاجتماعية العالية لمن يرتديها في مجتمع الإنكا."